Unnamed: 0,Eagle Sign Company,Unnamed: 2,Unnamed: 3,Unnamed: 4,Unnamed: 5,Unnamed: 6,Unnamed: 7,Unnamed: 8,Unnamed: 9,Unnamed: 10,Unnamed: 11,Unnamed: 12,Unnamed: 13,Unnamed: 14,Unnamed: 15,Unnamed: 16,Unnamed: 17,Unnamed: 18,Unnamed: 19,Unnamed: 20,Unnamed: 21,Unnamed: 22,Unnamed: 23,source_tier,source_file,ingested_at
2025-06-25 00:00:00,USAGE REPORT FOR PURCHASED PARTS,,,,,,,,,,,,,,,,,,,,,,,4,H:\brady\BOT TRAINING\Eagle Data\combined for llm use\PURCHASED PARTS 2024.xlsx,2026-01-30T11:06:08.970554
,,,,,,,,,,,,,,,,,,,,,,,,4,H:\brady\BOT TRAINING\Eagle Data\combined for llm use\PURCHASED PARTS 2024.xlsx,2026-01-30T11:06:08.970554
Part Number,Description,Inv Type,UOM,Conv Fact,Pur UOM,Whse,Last PO Price,Sales Cd,Acctg Cost,Year,YTD Usage,    JAN,    FEB,    MAR,    APR,    MAY,    JUN,    JUL,    AUG,    SEP,    OCT,    NOV,    DEC,4,H:\brady\BOT TRAINING\Eagle Data\combined for llm use\PURCHASED PARTS 2024.xlsx,2026-01-30T11:06:08.970554
,,,,,,,,,,,,,,,,,,,,,,,,4,H:\brady\BOT TRAINING\Eagle Data\combined for llm use\PURCHASED PARTS 2024.xlsx,2026-01-30T11:06:08.970554
201-0100,406/19 LORD PAK ADHESIVE,FADHES,TUBE,1,TUBE,20,74.07,,74.07,2024,50,8,,2,1,4,4,2,5,6,12,,6,4,H:\brady\BOT TRAINING\Eagle Data\combined for llm use\PURCHASED PARTS 2024.xlsx,2026-01-30T11:06:08.970554
201-0112,Lord Adhesive 7550,FADHES,TUBE,1,TUBE,20,29.85,,29.85,2024,8,,,1,,,2,3,2,,,,,4,H:\brady\BOT TRAINING\Eagle Data\combined for llm use\PURCHASED PARTS 2024.xlsx,2026-01-30T11:06:08.970554
201-0130,3M ADHESIVE REMOVER #08984,FADHES,OZ,32,QT,20,0.47594,,0.47594,2024,4,,,,,,,2,2,,,,,4,H:\brady\BOT TRAINING\Eagle Data\combined for llm use\PURCHASED PARTS 2024.xlsx,2026-01-30T11:06:08.970554
201-0170,BROWN CAULKING,FADHES,TUBE,1,TUBE,20,,,2.47,2024,2,,,2,,,,,,,,,,4,H:\brady\BOT TRAINING\Eagle Data\combined for llm use\PURCHASED PARTS 2024.xlsx,2026-01-30T11:06:08.970554
201-0275,40 YR SILICONE ACRYLIC LATEX WHITE CAULK ,FADHES,TUBE,1,TUBE,20,8.6454,,8.98,2024,51,1,2,5,8,5,4,5,8,4,5,,4,4,H:\brady\BOT TRAINING\Eagle Data\combined for llm use\PURCHASED PARTS 2024.xlsx,2026-01-30T11:06:08.970554
201-0290,#16 WELD ON PLASTIC CEMENT ,FADHES,OZ,1,OZ,20,1.06742,,1.06,2024,307,61,,110,,,51,,,55,30,,,4,H:\brady\BOT TRAINING\Eagle Data\combined for llm use\PURCHASED PARTS 2024.xlsx,2026-01-30T11:06:08.970554
201-0294,#58 WELD ON PLASTIC CEMENT ,FADHES,OZ,1,OZ,20,14.0581,,0.70492,2024,31,,,,,,8,,3,4,,,16,4,H:\brady\BOT TRAINING\Eagle Data\combined for llm use\PURCHASED PARTS 2024.xlsx,2026-01-30T11:06:08.970554
201-0330,SCS1001 GE CLEAR SILICONE,FADHES,TUBE,1,TUBE,20,8.6456,,2.9808,2024,6,,,3,,1,,,,,,,2,4,H:\brady\BOT TRAINING\Eagle Data\combined for llm use\PURCHASED PARTS 2024.xlsx,2026-01-30T11:06:08.970554
201-0340,81911 CLEAR SILICONE,FADHES,TUBE,1,TUBE,20,9.60833,,3.7983,2024,192,23,23,10,13,10,18,18,21,10,23,8,15,4,H:\brady\BOT TRAINING\Eagle Data\combined for llm use\PURCHASED PARTS 2024.xlsx,2026-01-30T11:06:08.970554
202-0140,TYPE II BACK ADAPTER - 26',FALEXT,FT,26,PC,20,1.09,,0.69,2024,24,,,,24,,,,,,,,,4,H:\brady\BOT TRAINING\Eagle Data\combined for llm use\PURCHASED PARTS 2024.xlsx,2026-01-30T11:06:08.970554
202-0150,BLEED TRIM ABC Extr.- 26',FALEXT,FT,26,PC,20,1.92308,,1.04,2024,28,,,,,28,,,,,,,,4,H:\brady\BOT TRAINING\Eagle Data\combined for llm use\PURCHASED PARTS 2024.xlsx,2026-01-30T11:06:08.970554
202-0160,ABC CONE CUPS,FALEXT,EA,1,EA,20,,,1.4,2024,6,,,6,,,,,,,,,,4,H:\brady\BOT TRAINING\Eagle Data\combined for llm use\PURCHASED PARTS 2024.xlsx,2026-01-30T11:06:08.970554
202-0185,"1-1/2"" CONVENTIONAL DIVIDER BAR - 26'",FALEXT,LF,26,PC,20,2.21,,2.26,2024,393,45,30,21,9,21,45,45,39,30,69,15,24,4,H:\brady\BOT TRAINING\Eagle Data\combined for llm use\PURCHASED PARTS 2024.xlsx,2026-01-30T11:06:08.970554
202-0190,"1-3/4"" SMALL DIVIDER BAR - 26'",FALEXT,FT,26,PC,20,4.68256,,2.81,2024,92,,,,,92,,,,,,,,4,H:\brady\BOT TRAINING\Eagle Data\combined for llm use\PURCHASED PARTS 2024.xlsx,2026-01-30T11:06:08.970554
202-0220,ABC FLEXIBLE FACE TENSIONERS - 500/BOX,FALEXT,EA,500,BX,20,1.28,,1.28,2024,21080,2080,2288,1580,1456,1506,1664,2548,1310,832,2280,1456,2080,4,H:\brady\BOT TRAINING\Eagle Data\combined for llm use\PURCHASED PARTS 2024.xlsx,2026-01-30T11:06:08.970554
202-0250,TYPE IV END FRAME ABC- 26',FALEXT,FT,26,PC,20,2.52,,2.31,2024,140,,9,1,12,8,,,56,26,,28,,4,H:\brady\BOT TRAINING\Eagle Data\combined for llm use\PURCHASED PARTS 2024.xlsx,2026-01-30T11:06:08.970554
202-0340,THRIF-T FRAME,FALEXT,FT,26,PC,20,4.86,,5.15,2024,238,,104,,36,,,,,98,,,,4,H:\brady\BOT TRAINING\Eagle Data\combined for llm use\PURCHASED PARTS 2024.xlsx,2026-01-30T11:06:08.970554
202-0350,"12"" CONVENTIONAL FRAME - 26'",FALEXT,FT,26,PC,20,10.26,,10.71,2024,188,,13,,26,43,,34,26,20,6,20,,4,H:\brady\BOT TRAINING\Eagle Data\combined for llm use\PURCHASED PARTS 2024.xlsx,2026-01-30T11:06:08.970554
202-0360,TYPE I FRAME (10)- 26',FALEXT,FT,26,PC,20,7.08462,,7.15,2024,1689,222,130,91,63,104,195,195,91,130,299,65,104,4,H:\brady\BOT TRAINING\Eagle Data\combined for llm use\PURCHASED PARTS 2024.xlsx,2026-01-30T11:06:08.970554
202-0390,TYPE IV UNIT FRAME - 26',FALEXT,FT,26,PC,20,6.62923,,4.54,2024,90,,17,17,19,28,,,,9,,,,4,H:\brady\BOT TRAINING\Eagle Data\combined for llm use\PURCHASED PARTS 2024.xlsx,2026-01-30T11:06:08.970554
202-0420,"1/8"" X 1/2"" X 50' GASKET TAPE ",FALEXT,FT,1,FT,20,0.14377,,0.14377,2024,4693,466,861,303,167,212,525,548,210,215,474,317,395,4,H:\brady\BOT TRAINING\Eagle Data\combined for llm use\PURCHASED PARTS 2024.xlsx,2026-01-30T11:06:08.970554
202-0425,"1/8"" X 1 1/2""  GASKET TAPE ",FALEXT,FT,50,RL,20,0.44067,,0.26,2024,450,,,,150,,,,150,,,,150,4,H:\brady\BOT TRAINING\Eagle Data\combined for llm use\PURCHASED PARTS 2024.xlsx,2026-01-30T11:06:08.970554
202-0431,"LARGE ""A"" Z-BRACKET",FALEXT,EA,1,EA,20,4.94,,3.95,2024,198,22,22,12,8,10,24,26,10,10,26,10,18,4,H:\brady\BOT TRAINING\Eagle Data\combined for llm use\PURCHASED PARTS 2024.xlsx,2026-01-30T11:06:08.970554
202-0460,PNEUMATIC HINGE PROP CYL,FALEXT,EA,1,EA,20,23,,15,2024,2,2,,,,,,,,,,,,4,H:\brady\BOT TRAINING\Eagle Data\combined for llm use\PURCHASED PARTS 2024.xlsx,2026-01-30T11:06:08.970554
202-0510,"LARGE ""A"" FLEXFRAME - 26'",FALEXT,FT,26,PC,20,12.44,,12.44,2024,4932,572,572,312,208,260,512,676,260,260,676,260,364,4,H:\brady\BOT TRAINING\Eagle Data\combined for llm use\PURCHASED PARTS 2024.xlsx,2026-01-30T11:06:08.970554
202-0530,"LARGE ""A"" BACK ADAPTER - 26'",FALEXT,FT,26,PC,20,,,1.4,2024,37,,,,,37,,,,,,,,4,H:\brady\BOT TRAINING\Eagle Data\combined for llm use\PURCHASED PARTS 2024.xlsx,2026-01-30T11:06:08.970554
202-0580,"LARGE ""A"" C-COVER ABC- 26'",FALEXT,FT,26,PC,20,5.3,,5.3,2024,5045,572,572,312,208,340,528,676,277,260,676,260,364,4,H:\brady\BOT TRAINING\Eagle Data\combined for llm use\PURCHASED PARTS 2024.xlsx,2026-01-30T11:06:08.970554
202-0610,"2-1/2"" FLAT RETAINER ABC- 26'",FALEXT,FT,26,PC,20,2.2,,2.24,2024,10248,1144,1144,624,416,520,1128,1460,520,582,1358,520,832,4,H:\brady\BOT TRAINING\Eagle Data\combined for llm use\PURCHASED PARTS 2024.xlsx,2026-01-30T11:06:08.970554
202-0620,TYPE III FLAT RETAINER ABC,FALEXT,FT,26,PC,20,1.11218,,1,2024,221,,52,,36,,,,36,97,,,,4,H:\brady\BOT TRAINING\Eagle Data\combined for llm use\PURCHASED PARTS 2024.xlsx,2026-01-30T11:06:08.970554
202-0680,2 TYPE I FLAT RETAINER - 26',FALEXT,LF,26,PC,20,1.57,,1.58,2024,3289,390,260,182,102,195,390,390,184,260,598,130,208,4,H:\brady\BOT TRAINING\Eagle Data\combined for llm use\PURCHASED PARTS 2024.xlsx,2026-01-30T11:06:08.970554
202-0690,2 LG E-Z RETAINER - 26',FALEXT,LF,26,PC,20,1.99,,2.01,2024,464,,26,,52,86,156,,52,20,32,40,,4,H:\brady\BOT TRAINING\Eagle Data\combined for llm use\PURCHASED PARTS 2024.xlsx,2026-01-30T11:06:08.970554
202-0710,TYPE IV RETAINER - 26',FALEXT,LF,26,PC,20,0.71,,0.71,2024,379,,65,2,24,16,,,138,52,,82,,4,H:\brady\BOT TRAINING\Eagle Data\combined for llm use\PURCHASED PARTS 2024.xlsx,2026-01-30T11:06:08.970554
202-0820,"SMALL ""A"" FLEX COVER ABC- 26'",FALEXT,FT,26,PC,20,2.51,,2.51,2024,276,,,,,,104,,,62,6,,104,4,H:\brady\BOT TRAINING\Eagle Data\combined for llm use\PURCHASED PARTS 2024.xlsx,2026-01-30T11:06:08.970554
202-0830,"SMALL ""A"" FLEX FRAME ABC- 26'",FALEXT,FT,26,PC,20,10.28,,10.28,2024,276,,,,,,104,,,62,6,,104,4,H:\brady\BOT TRAINING\Eagle Data\combined for llm use\PURCHASED PARTS 2024.xlsx,2026-01-30T11:06:08.970554
202-0861,Post & Panel Retainer,FALEXT,EA,25,PC,20,0.53,,0.48,2024,4,,,4,,,,,,,,,,4,H:\brady\BOT TRAINING\Eagle Data\combined for llm use\PURCHASED PARTS 2024.xlsx,2026-01-30T11:06:08.970554
202-0864,"3 1/4"" half round post - 25' pieces",FALEXT,LF,25,PC,20,4.84,,4.49,2024,16,,,16,,,,,,,,,,4,H:\brady\BOT TRAINING\Eagle Data\combined for llm use\PURCHASED PARTS 2024.xlsx,2026-01-30T11:06:08.970554
202-0867,Post & Panel Mono Frame - 25' pieces,FALEXT,LF,25,PC,20,3.9,,3.61,2024,2,,,2,,,,,,,,,,4,H:\brady\BOT TRAINING\Eagle Data\combined for llm use\PURCHASED PARTS 2024.xlsx,2026-01-30T11:06:08.970554
202-0868,Post & Panel end frame - 25' pieces,FALEXT,LF,25,PC,20,2.82,,2.61,2024,5,,,5,,,,,,,,,,4,H:\brady\BOT TRAINING\Eagle Data\combined for llm use\PURCHASED PARTS 2024.xlsx,2026-01-30T11:06:08.970554
202-0941,"1 3/8"" H-style Divider Bar",FALEXT,FT,24.5,PC,20,3.46727,,3.01,2024,369,45,30,21,9,21,45,45,15,30,69,15,24,4,H:\brady\BOT TRAINING\Eagle Data\combined for llm use\PURCHASED PARTS 2024.xlsx,2026-01-30T11:06:08.970554
202-1110,AWNING TRIM CAP - MILLIKEN 350' per box,FAWN,FT,1,FT,20,0.67725,AWNING,0.6772,2024,180,,,,,,,,,,180,,,4,H:\brady\BOT TRAINING\Eagle Data\combined for llm use\PURCHASED PARTS 2024.xlsx,2026-01-30T11:06:08.970554
202-1120,"1"" X 1"" STANDARD WALL W/DBL 1"" FLANGES - 24'",FAWN,FT,24,PC,20,1.45833,AWNING,1.0498,2024,20,,20,,,,,,,,,,,4,H:\brady\BOT TRAINING\Eagle Data\combined for llm use\PURCHASED PARTS 2024.xlsx,2026-01-30T11:06:08.970554
202-1140,"MP1A 1"" X 1"" STD WALL STAPLE-IN - 24'",FAWN,FT,24,PC,20,2.4326,AWNING,2.4326,2024,186,,68,,,,,,,18,100,,,4,H:\brady\BOT TRAINING\Eagle Data\combined for llm use\PURCHASED PARTS 2024.xlsx,2026-01-30T11:06:08.970554
202-1160,"MP2B 1"" X 1"" STD. WALL/1FLNG STPLN",FAWN,FT,24,PC,20,1.45833,AWNING,1.236,2024,80,,80,,,,,,,,,,,4,H:\brady\BOT TRAINING\Eagle Data\combined for llm use\PURCHASED PARTS 2024.xlsx,2026-01-30T11:06:08.970554
202-1170,GALVANIZED STAPLES,FAWN,EA,10000,BX,20,0.00246,AWNING,0.00451,2024,1560,,,,,,,,,360,1200,,,4,H:\brady\BOT TRAINING\Eagle Data\combined for llm use\PURCHASED PARTS 2024.xlsx,2026-01-30T11:06:08.970554
202-1235,EXCELLART MC RETAINER - H STYLE,FALEXT,FT,26,PC,20,1.36984,,2.49838,2024,74,,,,,74,,,,,,,,4,H:\brady\BOT TRAINING\Eagle Data\combined for llm use\PURCHASED PARTS 2024.xlsx,2026-01-30T11:06:08.970554
202-1261,Raceway Spreader LC5972N-8,FALEXT,EA,1,EA,20,1.73,,1.77,2024,67,,,,15,14,,20,12,6,,,,4,H:\brady\BOT TRAINING\Eagle Data\combined for llm use\PURCHASED PARTS 2024.xlsx,2026-01-30T11:06:08.970554
202-1265,"7"" EXCELLART CHANNEL LETTER RACEWAY - 1401015 24'6"" pieces.",FALEXT,FT,24.5,PC,20,16.51347,,9.21,2024,196,,,,35,33,,52,54,22,,,,4,H:\brady\BOT TRAINING\Eagle Data\combined for llm use\PURCHASED PARTS 2024.xlsx,2026-01-30T11:06:08.970554
202-1266,"Excellart 7"" RACEWAY ENDCAP ",FALEXT,EA,1,EA,20,10.97,,10.97,2024,44,,,,12,8,,12,8,4,,,,4,H:\brady\BOT TRAINING\Eagle Data\combined for llm use\PURCHASED PARTS 2024.xlsx,2026-01-30T11:06:08.970554
202-1267,"Excellart 2"" mounting bracket",FALEXT,EA,1,EA,20,1.39,,1.98,2024,106,,,,8,21,,46,17,14,,,,4,H:\brady\BOT TRAINING\Eagle Data\combined for llm use\PURCHASED PARTS 2024.xlsx,2026-01-30T11:06:08.970554
202-1295,"7"" EXCELLART CHANNEL LETTER RACEWAY COVER - 1401016 24'6"" pieces",FALEXT,FT,24.5,PC,20,2.0151,,2.26,2024,196,,,,35,33,,52,54,22,,,,4,H:\brady\BOT TRAINING\Eagle Data\combined for llm use\PURCHASED PARTS 2024.xlsx,2026-01-30T11:06:08.970554
202-1310,MOUNTING CLIPS,FALEXT,EA,1,EA,20,1.71,,1.71,2024,30,,,,,30,,,,,,,,4,H:\brady\BOT TRAINING\Eagle Data\combined for llm use\PURCHASED PARTS 2024.xlsx,2026-01-30T11:06:08.970554
202-1400,Large Channel Extrusion 10',FALEXT,FT,10,PC,20,17.6745,,17.6745,2024,55,,,,,55,,,,,,,,4,H:\brady\BOT TRAINING\Eagle Data\combined for llm use\PURCHASED PARTS 2024.xlsx,2026-01-30T11:06:08.970554
203-0110,"1"" X 1"" X 3/16"" ALUM ANGLE - 25'",FALUM,FT,25,PC,20,1.38,,1.38,2024,106,,,,,56,,,40,10,,,,4,H:\brady\BOT TRAINING\Eagle Data\combined for llm use\PURCHASED PARTS 2024.xlsx,2026-01-30T11:06:08.970554
203-0130,"1-1/2"" X 1-1/2"" X 3/16"" ALUM ANGLE ",FALUM,LF,1,LF,20,2.21,,2.21,2024,230,125,,,80,,,,,,,25,,4,H:\brady\BOT TRAINING\Eagle Data\combined for llm use\PURCHASED PARTS 2024.xlsx,2026-01-30T11:06:08.970554
203-0140,"2"" X 2"" X 1/8"" ALUM ANGLE - 25'",FALUM,FT,25,PC,20,1.99,,1.99,2024,48,,,48,,,,,,,,,,4,H:\brady\BOT TRAINING\Eagle Data\combined for llm use\PURCHASED PARTS 2024.xlsx,2026-01-30T11:06:08.970554
203-0150,"2"" X 2"" X 3/16"" ALUM ANGLE - 25'",FALUM,FT,25,PC,20,2.9396,,2.8476,2024,1696,16,116,61,180,222,89,,280,298,234,,200,4,H:\brady\BOT TRAINING\Eagle Data\combined for llm use\PURCHASED PARTS 2024.xlsx,2026-01-30T11:06:08.970554
203-0160,"2"" X 2"" X 1/4"" ALUM ANGLE - 25'",FALUM,FT,25,PC,20,3.8364,,3.7188,2024,403,100,,,,37,,,140,120,,,6,4,H:\brady\BOT TRAINING\Eagle Data\combined for llm use\PURCHASED PARTS 2024.xlsx,2026-01-30T11:06:08.970554
203-0260,"3/8"" ROUND ALUM ROD - 12'",FALUM,FT,12,PC,20,0.31417,,0.4667,2024,6,,,,,,6,,,,,,,4,H:\brady\BOT TRAINING\Eagle Data\combined for llm use\PURCHASED PARTS 2024.xlsx,2026-01-30T11:06:08.970554
203-0298,"3/4"" X 1.5"" x .125"" rectangle ALUM TUBE - 21'-1""",FALUM,FT,21.08333,PC,20,4.68039,,4.7154,2024,36,,,,,,36,,,,,,,4,H:\brady\BOT TRAINING\Eagle Data\combined for llm use\PURCHASED PARTS 2024.xlsx,2026-01-30T11:06:08.970554
203-0310,"1"" X 1"" X 1/8"" ALUM TUBE ",FALUM,LF,1,LF,20,1.81719,,1.86295,2024,2498,686,128,45,46,109,2,235,167,241,457,,382,4,H:\brady\BOT TRAINING\Eagle Data\combined for llm use\PURCHASED PARTS 2024.xlsx,2026-01-30T11:06:08.970554
203-0320,"1-1/4"" X 1-1/4"" X 1/8"" ALUM TUBE  21'1""",FALUM,FT,21.08333,PC,20,2.38238,,2.10619,2024,36,,,,,,,,36,,,,,4,H:\brady\BOT TRAINING\Eagle Data\combined for llm use\PURCHASED PARTS 2024.xlsx,2026-01-30T11:06:08.970554
203-0330,"1-1/2"" X 1-1/2"" X 1/8"" ALUM TUBE  21'1""",FALUM,FT,21.08333,PC,20,2.84265,,5.998,2024,224,,,,,,,224,,,,,,4,H:\brady\BOT TRAINING\Eagle Data\combined for llm use\PURCHASED PARTS 2024.xlsx,2026-01-30T11:06:08.970554
203-0340,"2"" X 1"" X 1/8"" ALUM TUBE ",FALUM,FT,1,FT,20,2.35934,,2.35437,2024,48,,,,,32,,,,16,,,,4,H:\brady\BOT TRAINING\Eagle Data\combined for llm use\PURCHASED PARTS 2024.xlsx,2026-01-30T11:06:08.970554
203-0360,"2"" X 2"" X 1/8"" ALUM TUBE ",FALUM,LF,1,LF,20,3.77492,,3.66,2024,373,54,10,,,,,,24,75,210,,,4,H:\brady\BOT TRAINING\Eagle Data\combined for llm use\PURCHASED PARTS 2024.xlsx,2026-01-30T11:06:08.970554
203-0365,"2"" X 3"" X 1/8"" ALUMINUM TUBE - 21' 1""",FALUM,FT,21.08333,PC,20,5.04,,5.17476,2024,37,,,2,35,,,,,,,,,4,H:\brady\BOT TRAINING\Eagle Data\combined for llm use\PURCHASED PARTS 2024.xlsx,2026-01-30T11:06:08.970554
203-0375,"2"" X 2"" X 1/4"" ALUMINUM TUBE - 25'",FALUM,LF,25,EA,20,4.5408,,4.7315,2024,42,,,,,,,,,,42,,,4,H:\brady\BOT TRAINING\Eagle Data\combined for llm use\PURCHASED PARTS 2024.xlsx,2026-01-30T11:06:08.970554
203-0430,"3"" X 3"" X 1/8"" ALUM TUBE",FALUM,LF,1,LF,20,5.813,,5.79289,2024,142,109,,25,,,8,,,,,,,4,H:\brady\BOT TRAINING\Eagle Data\combined for llm use\PURCHASED PARTS 2024.xlsx,2026-01-30T11:06:08.970554
203-0450,"4"" X 4"" X 1/8"" ALUM TUBE - 21'-1""",FALUM,FT,21.08333,PC,20,8.04502,,8.05,2024,21,,,,,,,,,21,,,,4,H:\brady\BOT TRAINING\Eagle Data\combined for llm use\PURCHASED PARTS 2024.xlsx,2026-01-30T11:06:08.970554
203-0495,"1/4"" X 12"" ALUMINUM FLAT - 12'",FALUM,FT,12,PC,20,8.1275,,7.95833,2024,2,,,,,,,2,,,,,,4,H:\brady\BOT TRAINING\Eagle Data\combined for llm use\PURCHASED PARTS 2024.xlsx,2026-01-30T11:06:08.970554
203-0500,"1/4"" X 2"" ALUM FLAT ",FALUM,LF,1,LF,20,2.09,,2.14,2024,344,53,51,6,13,5,12,13,9,9,88,42,43,4,H:\brady\BOT TRAINING\Eagle Data\combined for llm use\PURCHASED PARTS 2024.xlsx,2026-01-30T11:06:08.970554
203-0510,"1/4"" X 3"" ALUM FLAT ",FALUM,LF,1,LF,20,3.17,,2.2825,2024,78,,2,,,36,,36,4,,,,,4,H:\brady\BOT TRAINING\Eagle Data\combined for llm use\PURCHASED PARTS 2024.xlsx,2026-01-30T11:06:08.970554
204-0120,".063"" ALUM SHEET - 4' x 8'",FALUM,SF,32,SH,20,1.75188,,1.7518,2024,120,,,,,,,,,,120,,,4,H:\brady\BOT TRAINING\Eagle Data\combined for llm use\PURCHASED PARTS 2024.xlsx,2026-01-30T11:06:08.970554
204-0144,.100 5052 aluminum no sheet size,FALUM,SF,1,SF,20,4.86,,4.86,2024,122,,,64,,50,,8,,,,,,4,H:\brady\BOT TRAINING\Eagle Data\combined for llm use\PURCHASED PARTS 2024.xlsx,2026-01-30T11:06:08.970554
204-0151,".125"" ALUM SHEET - 4' X 10'",FALUM,SF,40,SH,20,4.57734,,3.7406,2024,6,,6,,,,,,,,,,,4,H:\brady\BOT TRAINING\Eagle Data\combined for llm use\PURCHASED PARTS 2024.xlsx,2026-01-30T11:06:08.970554
204-0155,.125 ALUMINUM 5052,FALUM,SF,1,SF,20,4.602,,5.67,2024,1530,224,2,,,160,99,40,389,84,168,150,214,4,H:\brady\BOT TRAINING\Eagle Data\combined for llm use\PURCHASED PARTS 2024.xlsx,2026-01-30T11:06:08.970554
204-0162,".250"" ALUM SHEET 5052 -no sheet size-sq. ft.",FALUM,SF,1,SF,20,9.01526,,11.33,2024,29,20,,,,8,,1,,,,,,4,H:\brady\BOT TRAINING\Eagle Data\combined for llm use\PURCHASED PARTS 2024.xlsx,2026-01-30T11:06:08.970554
205-0111,".040"" BLACK/WHITE ALUM VM ",FALUM,SF,1,SF,20,2.1185,,2.9425,2024,1215,148,192,20,39,264,70,32,200,120,130,,,4,H:\brady\BOT TRAINING\Eagle Data\combined for llm use\PURCHASED PARTS 2024.xlsx,2026-01-30T11:06:08.970554
205-0180,".040"" WHITE/WHITE ALUMINUM ",FALUM,SF,1,SF,20,1.8845,,2.36,2024,2923,295,264,436,106,159,183,295,305,126,477,45,232,4,H:\brady\BOT TRAINING\Eagle Data\combined for llm use\PURCHASED PARTS 2024.xlsx,2026-01-30T11:06:08.970554
205-0181,".040"" WHITE ALUM W/PVC COATING",FALUM,SF,1,SF,20,,,2.6,2024,162,,,,110,,,,,52,,,,4,H:\brady\BOT TRAINING\Eagle Data\combined for llm use\PURCHASED PARTS 2024.xlsx,2026-01-30T11:06:08.970554
205-0201,".050"" WHITE/MILL ALUM 5052 ",FALUM,SF,1,SF,20,2.95021,,3.28708,2024,160,,80,80,,,,,,,,,,4,H:\brady\BOT TRAINING\Eagle Data\combined for llm use\PURCHASED PARTS 2024.xlsx,2026-01-30T11:06:08.970554
205-0205,.063 MILL ALUM 3003,FALUM,SF,1,SF,20,1.75,,1.75125,2024,36,,,,,,,,,,36,,,4,H:\brady\BOT TRAINING\Eagle Data\combined for llm use\PURCHASED PARTS 2024.xlsx,2026-01-30T11:06:08.970554
205-0211,".063"" WHITE/WHITE ALUM ",FALUM,SF,1,SF,20,3.25,,3.25,2024,1849,56,,40,120,240,340,165,120,52,372,,344,4,H:\brady\BOT TRAINING\Eagle Data\combined for llm use\PURCHASED PARTS 2024.xlsx,2026-01-30T11:06:08.970554
205-0221,".063"" MILL ALUMINUM 5052 ",FALUM,SF,1,SF,20,2.314,,2.6,2024,2115,562,324,167,30,200,140,200,98,122,,,272,4,H:\brady\BOT TRAINING\Eagle Data\combined for llm use\PURCHASED PARTS 2024.xlsx,2026-01-30T11:06:08.970554
205-0253,".080"" WHITE/WHITE 4x10 sheets",FALUM,SF,40,SH,20,4.5,,6.499,2024,900,18,,,,,280,,,,2,,600,4,H:\brady\BOT TRAINING\Eagle Data\combined for llm use\PURCHASED PARTS 2024.xlsx,2026-01-30T11:06:08.970554
205-0256,".080"" ALUMINUM 5052",FALUM,SF,1,SF,20,3.31317,,3.3949,2024,5095,454,1,548,181,425,6,387,796,568,963,104,662,4,H:\brady\BOT TRAINING\Eagle Data\combined for llm use\PURCHASED PARTS 2024.xlsx,2026-01-30T11:06:08.970554
206-0110,6MM white/white maxmetal 6mm,FALUM,SF,1,SF,20,2.67875,,2.67875,2024,294,,,,,50,124,,,48,,64,8,4,H:\brady\BOT TRAINING\Eagle Data\combined for llm use\PURCHASED PARTS 2024.xlsx,2026-01-30T11:06:08.970554
206-0160,3MM WHITE 1S D-LITE  - 4' X 8',FALUM,SF,32,SH,20,4.21594,,3.6378,2024,26,,,,24,,,,,,2,,,4,H:\brady\BOT TRAINING\Eagle Data\combined for llm use\PURCHASED PARTS 2024.xlsx,2026-01-30T11:06:08.970554
206-0221,6MM WHITE 2S ALUMALITE - 4' X 10',FALUM,SF,40,SH,20,,,2.5103,2024,64,,,,40,,,,8,16,,,,4,H:\brady\BOT TRAINING\Eagle Data\combined for llm use\PURCHASED PARTS 2024.xlsx,2026-01-30T11:06:08.970554
208-0101,"1"" BLACK JEWELITE TRIMCAP - 150'/RL",FCHANN,LF,150,RL,20,0.37113,CHANNL,0.33333,2024,2048,435,,226,145,42,165,,118,365,277,80,195,4,H:\brady\BOT TRAINING\Eagle Data\combined for llm use\PURCHASED PARTS 2024.xlsx,2026-01-30T11:06:08.970554
208-0110,"2"" BLACK JEWELITE TRIMCAP - 10'",FCHANN,LF,10,PC,20,0.931,CHANNL,0.852,2024,12,,12,,,,,,,,,,,4,H:\brady\BOT TRAINING\Eagle Data\combined for llm use\PURCHASED PARTS 2024.xlsx,2026-01-30T11:06:08.970554
208-0121,"1"" BLUE JEWELITE TRIMCAP - 150'",FCHANN,LF,150,RL,20,0.4686,CHANNL,0.4686,2024,97,35,,-13,,,60,,,,15,,,4,H:\brady\BOT TRAINING\Eagle Data\combined for llm use\PURCHASED PARTS 2024.xlsx,2026-01-30T11:06:08.970554
208-0125,"1"" LIGHT BLUE JEWELITE TRIMCAP - 10'",FCHANN,FT,10,PC,20,6.379,,0.3276,2024,80,,22,,,,,,58,,,,,4,H:\brady\BOT TRAINING\Eagle Data\combined for llm use\PURCHASED PARTS 2024.xlsx,2026-01-30T11:06:08.970554
208-0130,"2"" BLUE JEWELITE TRIMCAP - 10'",FCHANN,LF,10,PC,20,0.8516,CHANNL,0.6048,2024,20,,,,,,,,20,,,,,4,H:\brady\BOT TRAINING\Eagle Data\combined for llm use\PURCHASED PARTS 2024.xlsx,2026-01-30T11:06:08.970554
208-0191,"1"" BRUSHED CHROME JEWELITE TRIMCAP - 150'/RL",FCHANN,LF,150,RL,20,0.464,CHANNL,0.464,2024,30,,,,,,,,,,,,30,4,H:\brady\BOT TRAINING\Eagle Data\combined for llm use\PURCHASED PARTS 2024.xlsx,2026-01-30T11:06:08.970554
208-0211,"1"" GOLD JEWELITE TRIMCAP - 150'/RL",FCHANN,LF,150,RL,20,0.41173,CHANNL,0.45033,2024,23,,,,,,,,23,,,,,4,H:\brady\BOT TRAINING\Eagle Data\combined for llm use\PURCHASED PARTS 2024.xlsx,2026-01-30T11:06:08.970554
208-0220,"2"" GOLD JEWELITE TRIMCAP - 10'",FCHANN,LF,10,PC,20,,CHANNL,0.6174,2024,4,,,,,,,,4,,,,,4,H:\brady\BOT TRAINING\Eagle Data\combined for llm use\PURCHASED PARTS 2024.xlsx,2026-01-30T11:06:08.970554
208-0231,"1"" GREEN JEWELITE TRIMCAP - 150'/RL",FCHANN,LF,150,RL,20,0.40907,CHANNL,0.44,2024,81,,,,,,,65,16,,,,,4,H:\brady\BOT TRAINING\Eagle Data\combined for llm use\PURCHASED PARTS 2024.xlsx,2026-01-30T11:06:08.970554
208-0271,"1"" RED JEWELITE TRIMCAP - 150'/RL",FCHANN,LF,150,RL,20,0.34307,CHANNL,0.44,2024,295,,,,,20,21,,,,254,,,4,H:\brady\BOT TRAINING\Eagle Data\combined for llm use\PURCHASED PARTS 2024.xlsx,2026-01-30T11:06:08.970554
208-0280,"2"" RED JEWELITE TRIMCAP - 10'",FCHANN,LF,10,PC,20,0.8522,CHANNL,0.6048,2024,40,,,,,,,,40,,,,,4,H:\brady\BOT TRAINING\Eagle Data\combined for llm use\PURCHASED PARTS 2024.xlsx,2026-01-30T11:06:08.970554
208-0291,1 SILVER JEWELITE TRIM,FCHANN,LF,150,RL,20,0.4386,CHANNL,0.4122,2024,377,,40,,,,,337,,,,,,4,H:\brady\BOT TRAINING\Eagle Data\combined for llm use\PURCHASED PARTS 2024.xlsx,2026-01-30T11:06:08.970554
208-0301,1 WHITE JEWELITE TRIM,FCHANN,LF,150,RL,20,0.34307,CHANNL,0.43,2024,710,,,192,,70,180,,179,14,,30,45,4,H:\brady\BOT TRAINING\Eagle Data\combined for llm use\PURCHASED PARTS 2024.xlsx,2026-01-30T11:06:08.970554
208-0320,1-1/2 X .063 COIL STOCK,FCHANN,LF,1,LF,20,0.63704,,0.63704,2024,20,,,,,,20,,,,,,,4,H:\brady\BOT TRAINING\Eagle Data\combined for llm use\PURCHASED PARTS 2024.xlsx,2026-01-30T11:06:08.970554
208-0345,3.3 x .040 Mil3 Finish Letter Coil,FCHANN,LF,270,RL,20,0.88226,,0.87626,2024,120,120,,,,,,,,,,,,4,H:\brady\BOT TRAINING\Eagle Data\combined for llm use\PURCHASED PARTS 2024.xlsx,2026-01-30T11:06:08.970554
208-0350,3 X .063 MILL FINISH COIL,FCHANN,LF,1,LF,20,0.5693,,0.61,2024,39,,,,,,39,,,,,,,4,H:\brady\BOT TRAINING\Eagle Data\combined for llm use\PURCHASED PARTS 2024.xlsx,2026-01-30T11:06:08.970554
208-0360,3 X .063 MILL LETTER COIL,FCHANN,LF,270,RL,20,1.27593,CHANNL,1.27593,2024,8,,,8,,,,,,,,,,4,H:\brady\BOT TRAINING\Eagle Data\combined for llm use\PURCHASED PARTS 2024.xlsx,2026-01-30T11:06:08.970554
208-0370,4.5 POL WHITE/WHITE LET COIL,FCHANN,LF,270,RL,20,0.70833,CHANNL,0.70833,2024,168,,,,,,,,168,,,,,4,H:\brady\BOT TRAINING\Eagle Data\combined for llm use\PURCHASED PARTS 2024.xlsx,2026-01-30T11:06:08.970554
208-0395,5.3 X .040 BLACK/WHITE COIL,FCHANN,FT,270,RL,20,1.28596,,0.70456,2024,172,172,,,,,,,,,,,,4,H:\brady\BOT TRAINING\Eagle Data\combined for llm use\PURCHASED PARTS 2024.xlsx,2026-01-30T11:06:08.970554
208-0396,"3.5"" X .040 BLACK/WHITE COIL",FCHANN,FT,270,RL,20,0.55993,,0.6839,2024,1592,263,,140,145,42,85,,90,325,307,,195,4,H:\brady\BOT TRAINING\Eagle Data\combined for llm use\PURCHASED PARTS 2024.xlsx,2026-01-30T11:06:08.970554
208-0420,5.3 BLACK/WHITE LETTER COIL,FCHANN,LF,270,RL,20,0.556,CHANNL,0.6937,2024,60,,,60,,,,,,,,,,4,H:\brady\BOT TRAINING\Eagle Data\combined for llm use\PURCHASED PARTS 2024.xlsx,2026-01-30T11:06:08.970554
208-0436,"3.5"" white channel letter coil",FCHANN,LF,270,RL,20,0.56381,CHANNL,1.15019,2024,534,35,,177,,56,240,,11,10,5,,,4,H:\brady\BOT TRAINING\Eagle Data\combined for llm use\PURCHASED PARTS 2024.xlsx,2026-01-30T11:06:08.970554
209-0360,"WHITE COOLEY BRITE 6'6""",FFABRC,SF,19.5,LYD,20,1.38682,,1.33,2024,23,,,,,,,,,23,,,,4,H:\brady\BOT TRAINING\Eagle Data\combined for llm use\PURCHASED PARTS 2024.xlsx,2026-01-30T11:06:08.970554
209-0380,Cooley Brite II / 2037 Yellow,FFABRC,SF,1072.5,RL,20,3.46193,,3.46226,2024,53753,5500,6050,4143,3850,3575,4415,6325,3420,2200,5375,3575,5325,4,H:\brady\BOT TRAINING\Eagle Data\combined for llm use\PURCHASED PARTS 2024.xlsx,2026-01-30T11:06:08.970554
209-0460,FLEX FACE CLIPS,FFABRC,EA,1,EA,20,1.01,,1.57,2024,40,40,,,,,,,,,,,,4,H:\brady\BOT TRAINING\Eagle Data\combined for llm use\PURCHASED PARTS 2024.xlsx,2026-01-30T11:06:08.970554
212-0240,3/8 NYLON W/CABLE CNTR NWCH12,FFLAG,LF,1,LF,20,0.76118,FLAG,0.76118,2024,60,,60,,,,,,,,,,,4,H:\brady\BOT TRAINING\Eagle Data\combined for llm use\PURCHASED PARTS 2024.xlsx,2026-01-30T11:06:08.970554
214-0492,"1/4"" x 3/4"" THMS Phillips",HRDWRE,EA,1,EA,20,0.02484,,0.0315,2024,16,,,,,,,,,,,,16,4,H:\brady\BOT TRAINING\Eagle Data\combined for llm use\PURCHASED PARTS 2024.xlsx,2026-01-30T11:06:08.970554
214-0620,3/8 X 1 HEX BOLT,HRDWRE,EA,1,EA,20,0.102,,0.10226,2024,900,112,76,52,20,72,100,100,40,64,160,44,60,4,H:\brady\BOT TRAINING\Eagle Data\combined for llm use\PURCHASED PARTS 2024.xlsx,2026-01-30T11:06:08.970554
214-0710,3/8 X 4-1/2 CARRIAGE BLT,HRDWRE,EA,1,EA,20,,,1.05,2024,24,,24,,,,,,,,,,,4,H:\brady\BOT TRAINING\Eagle Data\combined for llm use\PURCHASED PARTS 2024.xlsx,2026-01-30T11:06:08.970554
214-0765,"1/2"" x 1 1/4"" x 13 HHMS",HRDWRE,EA,1,EA,20,0.2294,,0.22939,2024,2631,286,302,172,116,130,300,346,140,130,344,143,222,4,H:\brady\BOT TRAINING\Eagle Data\combined for llm use\PURCHASED PARTS 2024.xlsx,2026-01-30T11:06:08.970554
214-0820,"1/2"" X 3"" BOLT",HRDWRE,EA,1,EA,20,0.275,,0.275,2024,8,,,,,,,,,8,,,,4,H:\brady\BOT TRAINING\Eagle Data\combined for llm use\PURCHASED PARTS 2024.xlsx,2026-01-30T11:06:08.970554
214-0910,5/8 X 2 BOLT,HRDWRE,EA,1,EA,20,0.33,,0.33,2024,8,,8,,,,,,,,,,,4,H:\brady\BOT TRAINING\Eagle Data\combined for llm use\PURCHASED PARTS 2024.xlsx,2026-01-30T11:06:08.970554
214-0911,"5/8""-11 x 2"" A325 bolt",HRDWRE,EA,1,EA,20,0.63638,,0.6239,2024,688,88,44,52,16,56,64,84,40,44,100,52,48,4,H:\brady\BOT TRAINING\Eagle Data\combined for llm use\PURCHASED PARTS 2024.xlsx,2026-01-30T11:06:08.970554
214-1015,"3/4"" x 2"" x 10 HHMS",HRDWRE,EA,1,EA,20,,,0.952,2024,4,,4,,,,,,,,,,,4,H:\brady\BOT TRAINING\Eagle Data\combined for llm use\PURCHASED PARTS 2024.xlsx,2026-01-30T11:06:08.970554
214-1160,7/8 X 2-1/2 BOLT GRADE 5,HRDWRE,EA,1,EA,20,1.48,,1.48,2024,16,8,,,,,8,,,,,,,4,H:\brady\BOT TRAINING\Eagle Data\combined for llm use\PURCHASED PARTS 2024.xlsx,2026-01-30T11:06:08.970554
214-1240,1 X 2-1/2 BOLT,HRDWRE,EA,1,EA,20,1.9342,,1.93417,2024,28,8,8,,,,8,,,,,,4,4,H:\brady\BOT TRAINING\Eagle Data\combined for llm use\PURCHASED PARTS 2024.xlsx,2026-01-30T11:06:08.970554
214-1250,1 X 3 BOLT,HRDWRE,EA,1,EA,20,,,2.4625,2024,10,,,,,,,,,,,,10,4,H:\brady\BOT TRAINING\Eagle Data\combined for llm use\PURCHASED PARTS 2024.xlsx,2026-01-30T11:06:08.970554
214-2535,"1-1/2"" STEEL PIANO HINGE",HRDWRE,FT,1,FT,20,8.11167,,8.11167,2024,1,1,,,,,,,,,,,,4,H:\brady\BOT TRAINING\Eagle Data\combined for llm use\PURCHASED PARTS 2024.xlsx,2026-01-30T11:06:08.970554
214-2890,3/8 X 4-1/2 LAG SCREW,HRDWRE,EA,1,EA,20,0.815,,0.1707,2024,6,,6,,,,,,,,,,,4,H:\brady\BOT TRAINING\Eagle Data\combined for llm use\PURCHASED PARTS 2024.xlsx,2026-01-30T11:06:08.970554
214-3200,3/16 HEX NUT,HRDWRE,EA,1,EA,20,0.01776,,0.0091,2024,441,45,30,21,9,21,83,45,16,30,69,20,52,4,H:\brady\BOT TRAINING\Eagle Data\combined for llm use\PURCHASED PARTS 2024.xlsx,2026-01-30T11:06:08.970554
214-3205,3/16 PUSH NUT,HRDWRE,EA,1,EA,20,0.1109,,0.1109,2024,1139,255,0,130,,280,,,154,200,120,,,4,H:\brady\BOT TRAINING\Eagle Data\combined for llm use\PURCHASED PARTS 2024.xlsx,2026-01-30T11:06:08.970554
214-3230,1/4 HEX NUT,HRDWRE,EA,1,EA,20,0.0119,,0.0119,2024,12,,,,,,,,12,,,,,4,H:\brady\BOT TRAINING\Eagle Data\combined for llm use\PURCHASED PARTS 2024.xlsx,2026-01-30T11:06:08.970554
214-3235,"1/4"" X 20 Rivet Nut",HRDWRE,EA,1,EA,20,0.90219,,0.9027,2024,884,88,88,48,32,120,96,104,40,40,104,48,76,4,H:\brady\BOT TRAINING\Eagle Data\combined for llm use\PURCHASED PARTS 2024.xlsx,2026-01-30T11:06:08.970554
214-3265,"5/16"" Hex Nut",HRDWRE,EA,1,EA,20,,,0.0152,2024,24,,,,,,,,,,,,24,4,H:\brady\BOT TRAINING\Eagle Data\combined for llm use\PURCHASED PARTS 2024.xlsx,2026-01-30T11:06:08.970554
214-3270,3/8 HEX NUT,HRDWRE,EA,1,EA,20,0.0315,,0.0315,2024,578,60,56,28,12,46,84,60,20,40,92,20,60,4,H:\brady\BOT TRAINING\Eagle Data\combined for llm use\PURCHASED PARTS 2024.xlsx,2026-01-30T11:06:08.970554
214-3278,"1/2"" Alum.Nuts",HRDWRE,EA,1,EA,20,0.3696,,0.3516,2024,261,22,30,28,8,10,26,26,26,18,37,12,18,4,H:\brady\BOT TRAINING\Eagle Data\combined for llm use\PURCHASED PARTS 2024.xlsx,2026-01-30T11:06:08.970554
214-3280,1/2 HEX NUT,HRDWRE,EA,1,EA,20,0.0785,,0.07848,2024,2456,264,280,144,106,120,300,320,130,120,312,132,228,4,H:\brady\BOT TRAINING\Eagle Data\combined for llm use\PURCHASED PARTS 2024.xlsx,2026-01-30T11:06:08.970554
214-3480,1-1/8 HEX NUT,HRDWRE,EA,1,EA,20,1.28255,,1.26245,2024,710,94,56,52,16,48,80,84,40,44,100,52,44,4,H:\brady\BOT TRAINING\Eagle Data\combined for llm use\PURCHASED PARTS 2024.xlsx,2026-01-30T11:06:08.970554
214-3540,#10-24 HEX NUTS,HRDWRE,EA,1,EA,20,0.01054,,0.0109,2024,915,217,56,28,157,58,60,80,41,58,108,20,32,4,H:\brady\BOT TRAINING\Eagle Data\combined for llm use\PURCHASED PARTS 2024.xlsx,2026-01-30T11:06:08.970554
214-3550,10-24 TINNERMAN NUT,HRDWRE,EA,1,EA,20,0.0945,,0.0945,2024,1741,177,166,88,67,108,188,206,90,112,230,75,234,4,H:\brady\BOT TRAINING\Eagle Data\combined for llm use\PURCHASED PARTS 2024.xlsx,2026-01-30T11:06:08.970554
214-3640,5/16 REPAIR LINKS,HRDWRE,EA,1,EA,20,,,0.2,2024,20,,,,20,,,,,,,,,4,H:\brady\BOT TRAINING\Eagle Data\combined for llm use\PURCHASED PARTS 2024.xlsx,2026-01-30T11:06:08.970554
214-3649,4-4 S/S rivet,HRDWRE,EA,1,EA,20,0.02488,,0.02486,2024,2967,374,306,120,225,238,372,304,226,192,260,110,240,4,H:\brady\BOT TRAINING\Eagle Data\combined for llm use\PURCHASED PARTS 2024.xlsx,2026-01-30T11:06:08.970554
214-3670,6-4 S/S rivet,HRDWRE,EA,1,EA,20,,,0.0671,2024,593,45,190,21,45,41,45,45,15,30,77,15,24,4,H:\brady\BOT TRAINING\Eagle Data\combined for llm use\PURCHASED PARTS 2024.xlsx,2026-01-30T11:06:08.970554
214-3711,4-6 S/S rivet,HRDWRE,EA,1,EA,20,0.03168,,0.03,2024,20,,,20,,,,,,,,,,4,H:\brady\BOT TRAINING\Eagle Data\combined for llm use\PURCHASED PARTS 2024.xlsx,2026-01-30T11:06:08.970554
214-3715,4-2 A/A rivet,HRDWRE,EA,1,EA,20,0.01808,,0.01808,2024,584,,116,,31,,,170,162,50,55,,,4,H:\brady\BOT TRAINING\Eagle Data\combined for llm use\PURCHASED PARTS 2024.xlsx,2026-01-30T11:06:08.970554
214-3716,4-4 A/A rivet,HRDWRE,EA,1,EA,20,0.035,,0.035,2024,990,140,138,108,18,60,90,90,30,100,138,30,48,4,H:\brady\BOT TRAINING\Eagle Data\combined for llm use\PURCHASED PARTS 2024.xlsx,2026-01-30T11:06:08.970554
214-3750,"1/4"" TAPCON SCREW",HRDWRE,EA,1,EA,20,0.39187,,0.2243,2024,40,,38,,,,2,,,,,,,4,H:\brady\BOT TRAINING\Eagle Data\combined for llm use\PURCHASED PARTS 2024.xlsx,2026-01-30T11:06:08.970554
214-3755,"3/8"" x 3"" TAPCON SCREW",HRDWRE,EA,1,EA,20,26.3769,,0.9198,2024,42,,,,,,32,,,10,,,,4,H:\brady\BOT TRAINING\Eagle Data\combined for llm use\PURCHASED PARTS 2024.xlsx,2026-01-30T11:06:08.970554
214-4180,"10-24 x 1/2"" THMS",HRDWRE,EA,1,EA,20,0.0234,,0.02548,2024,1633,177,166,88,62,108,188,206,90,112,230,76,130,4,H:\brady\BOT TRAINING\Eagle Data\combined for llm use\PURCHASED PARTS 2024.xlsx,2026-01-30T11:06:08.970554
214-4310,"#10 x 3/4"" TEK Screw",HRDWRE,EA,1,EA,20,0.02,,0.018,2024,20,,,,,,,,20,,,,,4,H:\brady\BOT TRAINING\Eagle Data\combined for llm use\PURCHASED PARTS 2024.xlsx,2026-01-30T11:06:08.970554
214-4311,"#10 x 3/4"" PHPSMS Pancake Head Phillips Sheet Metal Screw",HRDWRE,EA,1,EA,20,0.09495,,0.08925,2024,9160,1060,1012,564,356,484,980,1220,492,520,1316,500,656,4,H:\brady\BOT TRAINING\Eagle Data\combined for llm use\PURCHASED PARTS 2024.xlsx,2026-01-30T11:06:08.970554
214-4312,"#10 x 1/2"" TEK Screws",HRDWRE,EA,1,EA,20,0.02,,0.01675,2024,2291,255,170,119,51,119,355,255,85,170,391,85,236,4,H:\brady\BOT TRAINING\Eagle Data\combined for llm use\PURCHASED PARTS 2024.xlsx,2026-01-30T11:06:08.970554
214-4320,"#10 x 3/4"" TEK Screw w/ Rubb",HRDWRE,EA,1,EA,20,0.09144,,0.0838,2024,12877,585,3370,1419,1022,829,555,1727,305,320,1365,250,1130,4,H:\brady\BOT TRAINING\Eagle Data\combined for llm use\PURCHASED PARTS 2024.xlsx,2026-01-30T11:06:08.970554
214-4410,"#14 x 3/4"" Tek Screw",HRDWRE,EA,1,EA,20,0.03168,,0.03,2024,362,50,28,24,8,24,40,42,20,22,50,26,28,4,H:\brady\BOT TRAINING\Eagle Data\combined for llm use\PURCHASED PARTS 2024.xlsx,2026-01-30T11:06:08.970554
214-4652,"#8 x 1/2"" PHSMS Black",HRDWRE,EA,1,EA,20,0.0366,,0.0366,2024,281,,,8,50,30,35,48,80,30,,,,4,H:\brady\BOT TRAINING\Eagle Data\combined for llm use\PURCHASED PARTS 2024.xlsx,2026-01-30T11:06:08.970554
214-4654,"#8 x 3/4"" PHSMS",HRDWRE,EA,1,EA,20,0.01581,,0.016,2024,20,,,,,,,,,20,,,,4,H:\brady\BOT TRAINING\Eagle Data\combined for llm use\PURCHASED PARTS 2024.xlsx,2026-01-30T11:06:08.970554
214-4655,"#8 X 1/2"" PHILLIPS WAFER LATH SHARP POINT SCREW",HRDWRE,EA,1,EA,20,41.6658,,0.0163,2024,685,195,12,,150,60,,160,,108,,,,4,H:\brady\BOT TRAINING\Eagle Data\combined for llm use\PURCHASED PARTS 2024.xlsx,2026-01-30T11:06:08.970554
214-4656,"#8 X 1/2"" Lath trim cap) screw",HRDWRE,EA,1,EA,20,0.10889,,0.119,2024,1088,80,,80,30,230,,196,200,65,207,,,4,H:\brady\BOT TRAINING\Eagle Data\combined for llm use\PURCHASED PARTS 2024.xlsx,2026-01-30T11:06:08.970554
214-4710,#10 X 1/2 SHEET METAL SC,HRDWRE,EA,1,EA,20,0.01937,,0.02295,2024,3638,360,310,208,234,388,360,360,204,350,552,120,192,4,H:\brady\BOT TRAINING\Eagle Data\combined for llm use\PURCHASED PARTS 2024.xlsx,2026-01-30T11:06:08.970554
214-4712,"#10 x 1/2"" HWHSMS - Black",HRDWRE,EA,1,EA,20,0.09768,,0.09768,2024,15980,1760,1760,960,640,800,1950,2080,800,800,1760,1200,1470,4,H:\brady\BOT TRAINING\Eagle Data\combined for llm use\PURCHASED PARTS 2024.xlsx,2026-01-30T11:06:08.970554
214-4995,3/16” aluminum weld studs,HRDWRE,EA,1,EA,20,0.14325,,0.73424,2024,1384,255,0,130,125,316,,,154,200,100,,104,4,H:\brady\BOT TRAINING\Eagle Data\combined for llm use\PURCHASED PARTS 2024.xlsx,2026-01-30T11:06:08.970554
214-5000,"2"" STUDS X 3/16 ALUMINUM",HRDWRE,EA,1,EA,20,0.4784,,0.4784,2024,220,,,220,,,,,,,,,,4,H:\brady\BOT TRAINING\Eagle Data\combined for llm use\PURCHASED PARTS 2024.xlsx,2026-01-30T11:06:08.970554
214-5380,45 WALL ANGLE #304,HRDWRE,EA,1,EA,20,1.92,,1.92,2024,204,22,22,12,8,10,24,26,10,10,26,12,22,4,H:\brady\BOT TRAINING\Eagle Data\combined for llm use\PURCHASED PARTS 2024.xlsx,2026-01-30T11:06:08.970554
214-5430,3/16 FLAT WASHERS,HRDWRE,EA,1,EA,20,0.0096,,0.00962,2024,369,45,30,21,9,21,45,45,15,30,69,15,24,4,H:\brady\BOT TRAINING\Eagle Data\combined for llm use\PURCHASED PARTS 2024.xlsx,2026-01-30T11:06:08.970554
214-5440,1/4 FLAT WASHERS,HRDWRE,EA,1,EA,20,0.012,,0.008,2024,12,,,,,,,,12,,,,,4,H:\brady\BOT TRAINING\Eagle Data\combined for llm use\PURCHASED PARTS 2024.xlsx,2026-01-30T11:06:08.970554
214-5450,5/16 FLAT WASHERS,HRDWRE,EA,1,EA,20,0.05,,0.0365,2024,50,,,,,,,,,,,,50,4,H:\brady\BOT TRAINING\Eagle Data\combined for llm use\PURCHASED PARTS 2024.xlsx,2026-01-30T11:06:08.970554
214-5460,3/8 FLAT WASHERS,HRDWRE,EA,1,EA,20,0.2568,,0.0305,2024,1464,168,124,82,32,106,208,160,60,104,232,64,124,4,H:\brady\BOT TRAINING\Eagle Data\combined for llm use\PURCHASED PARTS 2024.xlsx,2026-01-30T11:06:08.970554
214-5470,1/2 FLAT WASHERS,HRDWRE,EA,1,EA,20,0.07,,0.06,2024,2733,286,302,156,114,130,360,346,140,130,344,143,282,4,H:\brady\BOT TRAINING\Eagle Data\combined for llm use\PURCHASED PARTS 2024.xlsx,2026-01-30T11:06:08.970554
214-5510,5/8 FLAT WASHERS/A325,HRDWRE,EA,1,EA,20,0.122,,0.10024,2024,692,84,52,52,16,56,64,84,40,44,100,52,48,4,H:\brady\BOT TRAINING\Eagle Data\combined for llm use\PURCHASED PARTS 2024.xlsx,2026-01-30T11:06:08.970554
214-5520,"3/4"" flat washers",HRDWRE,EA,1,EA,20,2.8783,,0.11032,2024,4,,4,,,,,,,,,,,4,H:\brady\BOT TRAINING\Eagle Data\combined for llm use\PURCHASED PARTS 2024.xlsx,2026-01-30T11:06:08.970554
214-5530,7/8 FLAT WASHERS,HRDWRE,EA,1,EA,20,0.37875,,0.2829,2024,16,8,,,,,8,,,,,,,4,H:\brady\BOT TRAINING\Eagle Data\combined for llm use\PURCHASED PARTS 2024.xlsx,2026-01-30T11:06:08.970554
214-5550,"1"" flat washers",HRDWRE,EA,1,EA,20,0.62125,,0.49417,2024,28,8,8,,,,8,,,,,,4,4,H:\brady\BOT TRAINING\Eagle Data\combined for llm use\PURCHASED PARTS 2024.xlsx,2026-01-30T11:06:08.970554
214-5560,1-1/8 FLAT WASHERS,HRDWRE,EA,1,EA,20,0.5524,,0.5524,2024,712,96,56,52,16,48,80,84,40,44,100,52,44,4,H:\brady\BOT TRAINING\Eagle Data\combined for llm use\PURCHASED PARTS 2024.xlsx,2026-01-30T11:06:08.970554
215-0189,.150 CLEAR LEXAN,FLEXAN,SF,1,SF,20,3.685,,4.18,2024,48,,,,,,,,48,,,,,4,H:\brady\BOT TRAINING\Eagle Data\combined for llm use\PURCHASED PARTS 2024.xlsx,2026-01-30T11:06:08.970554
215-0199,.150 White Polycarbonate,FLEXAN,SF,1,SF,20,2.94132,,3.02118,2024,2439,139,245,427,208,404,76,,232,144,405,30,129,4,H:\brady\BOT TRAINING\Eagle Data\combined for llm use\PURCHASED PARTS 2024.xlsx,2026-01-30T11:06:08.970554
215-0535,.177 WHITE FF #2447 PLEXIGLAS,FPLEX,SF,1,SF,20,2.8,,2.8,2024,457,,55,140,,90,,24,64,52,32,,,4,H:\brady\BOT TRAINING\Eagle Data\combined for llm use\PURCHASED PARTS 2024.xlsx,2026-01-30T11:06:08.970554
216-0100,1 X 10 LUMBER,FLUMBR,LF,1,LF,20,10.9354,,1.82257,2024,1218,,224,128,150,84,,48,130,26,180,26,222,4,H:\brady\BOT TRAINING\Eagle Data\combined for llm use\PURCHASED PARTS 2024.xlsx,2026-01-30T11:06:08.970554
216-0151,"1"" X 4"" X 12' SPF WOOD FRAMING",FLUMBR,FT,12,PC,20,0.75,,0.75,2024,12086,1422,1292,846,474,702,1374,1482,450,780,1782,618,864,4,H:\brady\BOT TRAINING\Eagle Data\combined for llm use\PURCHASED PARTS 2024.xlsx,2026-01-30T11:06:08.970554
216-0251,"2"" X 4"" X 20' SPF WOOD FRAMING",FLUMBR,FT,20,PC,20,0.7165,,0.7165,2024,13028,1496,1496,840,560,700,1216,1820,700,700,1540,980,980,4,H:\brady\BOT TRAINING\Eagle Data\combined for llm use\PURCHASED PARTS 2024.xlsx,2026-01-30T11:06:08.970554
216-0252,"2"" X 4"" X 12' SPF WOOD FRAMING",FLUMBR,LF,12,PC,20,0.54667,,0.54667,2024,14446,1584,1704,1024,696,800,1330,1992,720,720,1584,1172,1120,4,H:\brady\BOT TRAINING\Eagle Data\combined for llm use\PURCHASED PARTS 2024.xlsx,2026-01-30T11:06:08.970554
216-0421,"7/16"" OSB 4'x 8'sheet",FLUMBR,SF,32,SH,20,0.6,,0.605,2024,23834,2750,2814,1500,1000,1250,2378,3250,1264,1250,2750,1878,1750,4,H:\brady\BOT TRAINING\Eagle Data\combined for llm use\PURCHASED PARTS 2024.xlsx,2026-01-30T11:06:08.970554
217-0335,.250 CLEAR FF PLEXIGLAS,FPLEX,SF,1,SF,20,4.34344,,4.0325,2024,12,,,,,,,,,,,12,,4,H:\brady\BOT TRAINING\Eagle Data\combined for llm use\PURCHASED PARTS 2024.xlsx,2026-01-30T11:06:08.970554
217-0485,.177 CLEAR IMPACT MODIFIED ACRYLIC,FPLEX,SF,1,SF,20,6.00174,,11.05,2024,104,50,,52,,2,,,,,,,,4,H:\brady\BOT TRAINING\Eagle Data\combined for llm use\PURCHASED PARTS 2024.xlsx,2026-01-30T11:06:08.970554
217-0520,.177 RED PLEXIGLAS FF #2157,FPLEX,SF,1,SF,20,6.19188,,6.7708,2024,96,,,,,32,,,,,64,,,4,H:\brady\BOT TRAINING\Eagle Data\combined for llm use\PURCHASED PARTS 2024.xlsx,2026-01-30T11:06:08.970554
217-0525,.177 RED PLEXIGLAS FF #2793,FPLEX,SF,1,SF,20,3.99219,,6.7708,2024,232,,,,,,,224,,,8,,,4,H:\brady\BOT TRAINING\Eagle Data\combined for llm use\PURCHASED PARTS 2024.xlsx,2026-01-30T11:06:08.970554
217-0535,.177 White #2447 Plexiglas,FPLEX,SF,50.41,SH,20,2.62252,,2.0849,2024,50,,,,,,,50,,,,,,4,H:\brady\BOT TRAINING\Eagle Data\combined for llm use\PURCHASED PARTS 2024.xlsx,2026-01-30T11:06:08.970554
217-0556,.177 #7328 WHITE FF PLEXIGLAS,FPLEX,SF,1,SF,20,2.18719,,2.75781,2024,921,80,24,18,,57,72,90,243,75,128,106,28,4,H:\brady\BOT TRAINING\Eagle Data\combined for llm use\PURCHASED PARTS 2024.xlsx,2026-01-30T11:06:08.970554
217-0557,.187 #2037 YELLOW FF PLEXIGLAS,FPLEX,SF,1,SF,20,4.46688,,4.30719,2024,316,40,44,,,48,128,-12,,,4,64,,4,H:\brady\BOT TRAINING\Eagle Data\combined for llm use\PURCHASED PARTS 2024.xlsx,2026-01-30T11:06:08.970554
217-0590,1/4 WHITE PLEX,FPLEX,SF,32,SH,20,3.58031,,10.98,2024,148,,32,,,,,,84,,,,32,4,H:\brady\BOT TRAINING\Eagle Data\combined for llm use\PURCHASED PARTS 2024.xlsx,2026-01-30T11:06:08.970554
217-0780,.750 CLEAR ACRYLIC SHEET,FPLEX,SF,1,SF,20,12.21906,,17.41063,2024,82,,,,,50,,,32,,,,,4,H:\brady\BOT TRAINING\Eagle Data\combined for llm use\PURCHASED PARTS 2024.xlsx,2026-01-30T11:06:08.970554
217-0790,.500 CLEAR ACRYLIC SHEET,FPLEX,SF,1,SF,20,10.1575,,9.29688,2024,32,,,32,,,,,,,,,,4,H:\brady\BOT TRAINING\Eagle Data\combined for llm use\PURCHASED PARTS 2024.xlsx,2026-01-30T11:06:08.970554
217-0793,"1"" CLEAR ACRYLIC SHEET",FPLEX,SF,1,SF,20,28.9488,,28.9488,2024,52,32,,,,16,4,,,,,,,4,H:\brady\BOT TRAINING\Eagle Data\combined for llm use\PURCHASED PARTS 2024.xlsx,2026-01-30T11:06:08.970554
217-0796,.75 7328 WHITE ACRYLIC SHEET,FPLEX,SF,1,SF,20,13.76219,,13.76,2024,48,,,,,,,,,48,,,,4,H:\brady\BOT TRAINING\Eagle Data\combined for llm use\PURCHASED PARTS 2024.xlsx,2026-01-30T11:06:08.970554
218-0160,"LETTER TRACK, BOTTOM - 8'",FCHANG,FT,8,PC,20,1.37125,,1.37125,2024,6,6,,,,,,,,,,,,4,H:\brady\BOT TRAINING\Eagle Data\combined for llm use\PURCHASED PARTS 2024.xlsx,2026-01-30T11:06:08.970554
218-0170,"LETTER TRACK, MUTUAL - 8'",FCHANG,FT,8,PC,20,1.7575,,1.7575,2024,6,6,,,,,,,,,,,,4,H:\brady\BOT TRAINING\Eagle Data\combined for llm use\PURCHASED PARTS 2024.xlsx,2026-01-30T11:06:08.970554
218-0180,"LETTER TRACK, TOP - 8'",FCHANG,FT,8,PC,20,1.66875,,1.66875,2024,6,6,,,,,,,,,,,,4,H:\brady\BOT TRAINING\Eagle Data\combined for llm use\PURCHASED PARTS 2024.xlsx,2026-01-30T11:06:08.970554
219-0100,1/2 X 1/2 X 1/8 ANGLE,FSTANG,FT,20,PC,20,,,0.11,2024,60,,60,,,,,,,,,,,4,H:\brady\BOT TRAINING\Eagle Data\combined for llm use\PURCHASED PARTS 2024.xlsx,2026-01-30T11:06:08.970554
219-0120,1 X 1 X 1/8 ANGLE IRON,FSTANG,FT,20,PC,20,0.42,,0.472,2024,6,,,,,4,,,2,,,,,4,H:\brady\BOT TRAINING\Eagle Data\combined for llm use\PURCHASED PARTS 2024.xlsx,2026-01-30T11:06:08.970554
219-0150,"1-1/2"" X 1-1/2"" X 3/16"" ANGLE IRON",FSTANG,FT,1,FT,20,1.1925,,1.4175,2024,232,,,50,,,,,,4,130,48,,4,H:\brady\BOT TRAINING\Eagle Data\combined for llm use\PURCHASED PARTS 2024.xlsx,2026-01-30T11:06:08.970554
219-0170,"2"" X 2"" X 3/16"" ANGLE IRON",FSTANG,FT,20,PC,20,1.59333,,1.75,2024,1210,127,130,60,131,105,,191,4,144,158,160,,4,H:\brady\BOT TRAINING\Eagle Data\combined for llm use\PURCHASED PARTS 2024.xlsx,2026-01-30T11:06:08.970554
219-0180,2 X 2 X 1/4 ANGLE IRON,FSTANG,FT,20,PC,20,1.4925,,1.4925,2024,22,,,22,,,,,,,,,,4,H:\brady\BOT TRAINING\Eagle Data\combined for llm use\PURCHASED PARTS 2024.xlsx,2026-01-30T11:06:08.970554
219-0190,3 X 2 X 1/4 ANGLE IRON,FSTANG,FT,20,PC,20,,,1.4535,2024,0,,,,,60,,-60,,,,,,4,H:\brady\BOT TRAINING\Eagle Data\combined for llm use\PURCHASED PARTS 2024.xlsx,2026-01-30T11:06:08.970554
219-0800,1/4 X 6 FLAT STEEL,FSTFLT,FT,20,PC,20,3.98,,3.98,2024,15,,,,,2,,,1,12,,,,4,H:\brady\BOT TRAINING\Eagle Data\combined for llm use\PURCHASED PARTS 2024.xlsx,2026-01-30T11:06:08.970554
219-0930,"1/2"" X 6"" STEEL FLAT",FSTFLT,FT,20,PC,20,5.05,,5.05,2024,150,,,,100,,,,50,,,,,4,H:\brady\BOT TRAINING\Eagle Data\combined for llm use\PURCHASED PARTS 2024.xlsx,2026-01-30T11:06:08.970554
219-0940,"1/2"" X 8"" STEEL FLAT",FSTFLT,FT,20,PC,20,7.038,,7.2775,2024,1,,1,,,,,,,,,,,4,H:\brady\BOT TRAINING\Eagle Data\combined for llm use\PURCHASED PARTS 2024.xlsx,2026-01-30T11:06:08.970554
219-0970,5/8 X 6 H.R. FLAT STEEL,FSTFLT,FT,20,PC,20,8.9725,,8.7025,2024,2,2,,,,,,,,,,,,4,H:\brady\BOT TRAINING\Eagle Data\combined for llm use\PURCHASED PARTS 2024.xlsx,2026-01-30T11:06:08.970554
219-0990,3/4 X 8 H.R. FLAT STEEL,FSTFLT,FT,20,PC,20,14.23,,15.4,2024,22,2,8,,,,2,,,,,,10,4,H:\brady\BOT TRAINING\Eagle Data\combined for llm use\PURCHASED PARTS 2024.xlsx,2026-01-30T11:06:08.970554
219-1018,"1"" X 10"" STEEL FLAT",FSTFLT,FT,20,PC,20,25,,30.1575,2024,62,4,2,,,,42,3,,,,,11,4,H:\brady\BOT TRAINING\Eagle Data\combined for llm use\PURCHASED PARTS 2024.xlsx,2026-01-30T11:06:08.970554
219-1050,Hot Rolled Sheet,FSTPLT,SF,40,SH,20,1.3525,,1.74375,2024,50,4,2,,10,,2,,,2,10,,20,4,H:\brady\BOT TRAINING\Eagle Data\combined for llm use\PURCHASED PARTS 2024.xlsx,2026-01-30T11:06:08.970554
219-1150,3/4 X 8 MATCH PLATE,FSTPLT,EA,1,EA,20,34.69,,22.5,2024,181,18,20,12,8,10,18,24,10,10,26,11,14,4,H:\brady\BOT TRAINING\Eagle Data\combined for llm use\PURCHASED PARTS 2024.xlsx,2026-01-30T11:06:08.970554
219-1160,3/4 X 8 TOP PLATE,FSTPLT,EA,1,EA,20,47.95,,47.95,2024,183,22,11,23,7,12,16,21,10,11,25,13,12,4,H:\brady\BOT TRAINING\Eagle Data\combined for llm use\PURCHASED PARTS 2024.xlsx,2026-01-30T11:06:08.970554
219-1162,"1"" x 10"" x 10"" hurricane/170mph match plate",FSTPLT,EA,1,EA,20,,,43.5,2024,6,2,2,,,,2,,,,,,,4,H:\brady\BOT TRAINING\Eagle Data\combined for llm use\PURCHASED PARTS 2024.xlsx,2026-01-30T11:06:08.970554
219-1164,"7/8"" x 8"" x 8"" high wind/135mph match plate",FSTPLT,EA,1,EA,20,,,31.5,2024,6,2,,,,,2,2,,,,,,4,H:\brady\BOT TRAINING\Eagle Data\combined for llm use\PURCHASED PARTS 2024.xlsx,2026-01-30T11:06:08.970554
219-1265,"24 x 24 x 1.25"" CS Plate 9 H",FSTPLT,EA,1,EA,20,239.57,,239.57,2024,172,20,12,12,4,12,18,21,10,11,25,13,14,4,H:\brady\BOT TRAINING\Eagle Data\combined for llm use\PURCHASED PARTS 2024.xlsx,2026-01-30T11:06:08.970554
219-1266,"24 x 24 x 1 3/8"" CS Plate 9 H",FSTPLT,EA,1,EA,20,261.02,,400,2024,4,2,,,,,2,,,,,,,4,H:\brady\BOT TRAINING\Eagle Data\combined for llm use\PURCHASED PARTS 2024.xlsx,2026-01-30T11:06:08.970554
219-1267,"24 x 24 x 1 3/4"" CS Plate 9 H",FSTPLT,EA,1,EA,20,521.5,,521.67111,2024,11,2,2,,,,4,,,,,,3,4,H:\brady\BOT TRAINING\Eagle Data\combined for llm use\PURCHASED PARTS 2024.xlsx,2026-01-30T11:06:08.970554
219-1320,"5"" STEEL PIPE",FSTPIP,FT,20,PC,20,12.537,,11.94,2024,60,,,,20,40,,,,,,,,4,H:\brady\BOT TRAINING\Eagle Data\combined for llm use\PURCHASED PARTS 2024.xlsx,2026-01-30T11:06:08.970554
219-1330,"6"" STEEL PIPE",FSTPIP,FT,20,PC,20,18.585,,18.585,2024,20,,,,,,20,,,,,,,4,H:\brady\BOT TRAINING\Eagle Data\combined for llm use\PURCHASED PARTS 2024.xlsx,2026-01-30T11:06:08.970554
219-1731,"1-1/2"" X 1-1/2"" X 3/16"" SQ STEEL TUBE ",FSTTBE,FT,1,FT,20,2.2946,,2.35,2024,1156,110,110,60,40,50,156,130,50,50,130,50,220,4,H:\brady\BOT TRAINING\Eagle Data\combined for llm use\PURCHASED PARTS 2024.xlsx,2026-01-30T11:06:08.970554
219-1781,2 X 2 X 1/4 SQ STEEL TBE,FSTTBE,FT,24,PC,20,4.76896,,4.7689,2024,60,,,,,,,,,,,60,,4,H:\brady\BOT TRAINING\Eagle Data\combined for llm use\PURCHASED PARTS 2024.xlsx,2026-01-30T11:06:08.970554
219-1810,"2-1/2"" SQ STEEL TUBE X 1/4",FSTTBE,FT,20,PC,20,,,3.7,2024,6,,,,,,,,,,,6,,4,H:\brady\BOT TRAINING\Eagle Data\combined for llm use\PURCHASED PARTS 2024.xlsx,2026-01-30T11:06:08.970554
219-1840,3 X 3 X 1/4 SQ TUBING,FSTTBE,FT,20,PC,20,,,11.15,2024,24,,,,,,24,,,,,,,4,H:\brady\BOT TRAINING\Eagle Data\combined for llm use\PURCHASED PARTS 2024.xlsx,2026-01-30T11:06:08.970554
219-1841,"3"" X 3"" X 1/4"" SQUARE STEEL TUBING",FSTTBE,FT,24,PC,20,5.52,,7,2024,134,,,,34,,,20,,50,24,,6,4,H:\brady\BOT TRAINING\Eagle Data\combined for llm use\PURCHASED PARTS 2024.xlsx,2026-01-30T11:06:08.970554
219-1890,4 X 4 X 1/4 SQ TUBING,FSTTBE,FT,20,PC,20,7.1,,7.1,2024,24,,,24,,,,,,,,,,4,H:\brady\BOT TRAINING\Eagle Data\combined for llm use\PURCHASED PARTS 2024.xlsx,2026-01-30T11:06:08.970554
219-1891,4 X 4 X 1/4 SQUARE TUBE,FSTTBE,FT,24,PC,20,9.0354,,9.0354,2024,1164,120,120,72,48,60,104,164,65,84,176,67,84,4,H:\brady\BOT TRAINING\Eagle Data\combined for llm use\PURCHASED PARTS 2024.xlsx,2026-01-30T11:06:08.970554
219-1900,4 X 4 X 3/8 SQ STEEL TUBING,FSTTBE,FT,20,PC,20,21.2875,,17.03,2024,6,,6,,,,,,,,,,,4,H:\brady\BOT TRAINING\Eagle Data\combined for llm use\PURCHASED PARTS 2024.xlsx,2026-01-30T11:06:08.970554
219-1952,5 X 5 X 1/4 SQUARE TUBE,FSTTBE,FT,24,PC,20,11.5588,,14.60472,2024,56,12,32,,,,12,,,,,,,4,H:\brady\BOT TRAINING\Eagle Data\combined for llm use\PURCHASED PARTS 2024.xlsx,2026-01-30T11:06:08.970554
219-1990,6 X 6 X 1/4 SQ TUBING,FSTTBE,LF,1,LF,20,18.65,,18.65,2024,56,,,,,,,,,,56,,,4,H:\brady\BOT TRAINING\Eagle Data\combined for llm use\PURCHASED PARTS 2024.xlsx,2026-01-30T11:06:08.970554
219-2102,"8"" X 8"" 1/4"" SQUARE STEEL TUBE",FSTTBE,FT,1,LF,20,21.43665,,21.43665,2024,2802,363,196,211,66,192,276,337,160,177,402,209,213,4,H:\brady\BOT TRAINING\Eagle Data\combined for llm use\PURCHASED PARTS 2024.xlsx,2026-01-30T11:06:08.970554
219-2110,8 X 8 X 3/8 SQ TUBING,FSTTBE,FT,20,PC,20,28.15,,33.92,2024,80,40,,,,,40,,,,,,,4,H:\brady\BOT TRAINING\Eagle Data\combined for llm use\PURCHASED PARTS 2024.xlsx,2026-01-30T11:06:08.970554
219-2190,10X10X3/8 SQ TUBING,FSTTBE,FT,20,PC,20,35.65,,35.65,2024,100,40,40,,,,,,,,,,20,4,H:\brady\BOT TRAINING\Eagle Data\combined for llm use\PURCHASED PARTS 2024.xlsx,2026-01-30T11:06:08.970554
219-2191,10X10X3/8 SQ TUBING,FSTTBE,FT,40,PC,20,29.45,,29.45,2024,2,,2,,,,,,,,,,,4,H:\brady\BOT TRAINING\Eagle Data\combined for llm use\PURCHASED PARTS 2024.xlsx,2026-01-30T11:06:08.970554
220-0103,"S-4672, 36 x 10 x 10 cardboard box",FSHIP,EA,20,BND,20,2.14,,2.5065,2024,396,,60,80,60,40,,60,,,,40,56,4,H:\brady\BOT TRAINING\Eagle Data\combined for llm use\PURCHASED PARTS 2024.xlsx,2026-01-30T11:06:08.970554
220-0220,147 X 9-1/2 X 38-1/2 BOX,FSHIP,EA,1,EA,20,,,33.32,2024,1,,,,,,1,,,,,,,4,H:\brady\BOT TRAINING\Eagle Data\combined for llm use\PURCHASED PARTS 2024.xlsx,2026-01-30T11:06:08.970554
220-0240,"1/4"" x 6"" Micro Foam Rolls",FSHIP,FT,1,FT,20,0.09333,,0.074,2024,6478,750,720,402,258,342,680,870,330,360,798,450,518,4,H:\brady\BOT TRAINING\Eagle Data\combined for llm use\PURCHASED PARTS 2024.xlsx,2026-01-30T11:06:08.970554
220-0315,7 mm shrink wrap,FSHIP,SF,1,SF,20,0.17,,0.17,2024,5568,,480,640,480,320,1200,480,,,,320,1648,4,H:\brady\BOT TRAINING\Eagle Data\combined for llm use\PURCHASED PARTS 2024.xlsx,2026-01-30T11:06:08.970554
301-1302,KTSB-E-0416-12 Keystone Electronic Ballast,BALLST,EA,1,EA,20,41.54,,41.58,2024,3,1,,1,,,,,1,,,,,4,H:\brady\BOT TRAINING\Eagle Data\combined for llm use\PURCHASED PARTS 2024.xlsx,2026-01-30T11:06:08.970554
301-1303,KTSB-E-1232-24 Keystone Electronic Ballast,BALLST,EA,1,EA,20,72.73,,72.73,2024,5,,1,1,,,,,,1,,,2,4,H:\brady\BOT TRAINING\Eagle Data\combined for llm use\PURCHASED PARTS 2024.xlsx,2026-01-30T11:06:08.970554
301-1304,KTSB-E-2048-46 Keystone Electronic Ballast,BALLST,EA,1,EA,20,94.68,,94.36,2024,7,1,2,,,,,,,,1,1,2,4,H:\brady\BOT TRAINING\Eagle Data\combined for llm use\PURCHASED PARTS 2024.xlsx,2026-01-30T11:06:08.970554
302-0100,BX ARMOR CABLE #12/2,ELECT,FT,1,FT,20,0.70864,,0.70864,2024,31,,6,,,3,,6,,,12,,4,4,H:\brady\BOT TRAINING\Eagle Data\combined for llm use\PURCHASED PARTS 2024.xlsx,2026-01-30T11:06:08.970554
302-0180,BX CLAMP/ARMOR CABLE,ELECT,EA,1,EA,20,0.4351,,0.32719,2024,15,,2,,,2,,2,,,5,,4,4,H:\brady\BOT TRAINING\Eagle Data\combined for llm use\PURCHASED PARTS 2024.xlsx,2026-01-30T11:06:08.970554
302-0186,"3/4"" Cable Clamp",ELECT,EA,1,EA,20,0.4845,,0.50482,2024,2990,320,309,171,112,153,395,374,151,159,344,203,299,4,H:\brady\BOT TRAINING\Eagle Data\combined for llm use\PURCHASED PARTS 2024.xlsx,2026-01-30T11:06:08.970554
302-0187,Heyco Wavelock clip,ELECT,EA,1000,BG,20,0.49088,,0.49088,2024,1228,141,121,60,65,50,120,162,121,57,165,76,90,4,H:\brady\BOT TRAINING\Eagle Data\combined for llm use\PURCHASED PARTS 2024.xlsx,2026-01-30T11:06:08.970554
302-0231,HEYCO 1029 mounting bracket,ELECT,EA,1,EA,20,0.2979,,0.2979,2024,996,110,110,60,40,50,120,130,50,50,130,56,90,4,H:\brady\BOT TRAINING\Eagle Data\combined for llm use\PURCHASED PARTS 2024.xlsx,2026-01-30T11:06:08.970554
302-0460,"1/2"" ALUMINUM GREENFIELD CONDUIT 100 FT BUNDLE",ELECT,FT,100,BND,20,1.8083,,1.007,2024,458,15,27,7,11,7,15,15,5,30,213,5,108,4,H:\brady\BOT TRAINING\Eagle Data\combined for llm use\PURCHASED PARTS 2024.xlsx,2026-01-30T11:06:08.970554
302-0570,"1/2"" LIQUITITE CONDUIT",ELECT,FT,1,FT,20,2.5252,,1.10556,2024,145,,,,,,70,,,,,,75,4,H:\brady\BOT TRAINING\Eagle Data\combined for llm use\PURCHASED PARTS 2024.xlsx,2026-01-30T11:06:08.970554
302-0580,"1/2"" LIQUITITE CONDUIT 100 FT BUNDLE",ELECT,FT,100,BND,20,0.7704,,2.4289,2024,38,,16,,,,20,,,2,,,,4,H:\brady\BOT TRAINING\Eagle Data\combined for llm use\PURCHASED PARTS 2024.xlsx,2026-01-30T11:06:08.970554
302-0621,"3/4"" Heyco 8452 black conduit",ELECT,FT,100,BND,20,1.9135,,1.59459,2024,3990,460,440,240,160,200,450,520,200,200,440,300,380,4,H:\brady\BOT TRAINING\Eagle Data\combined for llm use\PURCHASED PARTS 2024.xlsx,2026-01-30T11:06:08.970554
303-0150,RACO 5320-0 1G WP BX W/3-1/2 HUBS,ELECT,EA,1,EA,20,8.5928,,8.59275,2024,238,26,23,13,7,16,27,28,10,17,36,11,24,4,H:\brady\BOT TRAINING\Eagle Data\combined for llm use\PURCHASED PARTS 2024.xlsx,2026-01-30T11:06:08.970554
303-0180,RACO 5128-0 SP 20A 277VAC SW&WP CVR,ELECT,EA,1,EA,20,42.3055,,42.3055,2024,232,26,24,13,7,16,27,28,10,17,36,11,17,4,H:\brady\BOT TRAINING\Eagle Data\combined for llm use\PURCHASED PARTS 2024.xlsx,2026-01-30T11:06:08.970554
303-0210,RACO 660 1-7/8D HANDY BOX 1/2 KO,ELECT,EA,1,EA,20,3.4234,,3.4234,2024,9,1,4,,2,1,,,,1,,,,4,H:\brady\BOT TRAINING\Eagle Data\combined for llm use\PURCHASED PARTS 2024.xlsx,2026-01-30T11:06:08.970554
303-0211,"RACO 666 1 7/8"" deep handy box 3/4"" knockout",ELECT,EA,1,EA,20,10.6625,,10.6625,2024,3,3,,,,,,,,,,,,4,H:\brady\BOT TRAINING\Eagle Data\combined for llm use\PURCHASED PARTS 2024.xlsx,2026-01-30T11:06:08.970554
303-0240,RACO 860 BLANK HANDY BOX COVER,ELECT,EA,1,EA,20,1.0503,,1.0503,2024,12,4,3,,2,1,,,,2,,,,4,H:\brady\BOT TRAINING\Eagle Data\combined for llm use\PURCHASED PARTS 2024.xlsx,2026-01-30T11:06:08.970554
303-0298,"3/8"" Heyco Bushing",ELECT,EA,1,EA,20,0.06336,,0.06,2024,183,4,,,8,46,,55,28,18,24,,,4,H:\brady\BOT TRAINING\Eagle Data\combined for llm use\PURCHASED PARTS 2024.xlsx,2026-01-30T11:06:08.970554
303-0300,"1/2"" PLASTIC BUSHING",ELECT,EA,1,EA,20,0.24301,,0.271,2024,123,15,10,7,3,7,15,15,5,10,23,5,8,4,H:\brady\BOT TRAINING\Eagle Data\combined for llm use\PURCHASED PARTS 2024.xlsx,2026-01-30T11:06:08.970554
303-0303,"5/8"" Heyco Bushing",ELECT,EA,1,EA,20,0.14987,,0.1493,2024,149,15,11,27,3,7,15,15,8,10,25,5,8,4,H:\brady\BOT TRAINING\Eagle Data\combined for llm use\PURCHASED PARTS 2024.xlsx,2026-01-30T11:06:08.970554
303-0313,"7/8"" Heyco Bushing",ELECT,EA,1,EA,20,0.21289,,0.2016,2024,2527,57,363,444,320,232,60,366,28,28,255,39,335,4,H:\brady\BOT TRAINING\Eagle Data\combined for llm use\PURCHASED PARTS 2024.xlsx,2026-01-30T11:06:08.970554
303-0581,#10 eyelet - 60042 Ring Tongue,ELECT,EA,1,EA,20,12.4976,,0.54706,2024,2985,100,438,450,335,257,104,416,57,54,324,42,408,4,H:\brady\BOT TRAINING\Eagle Data\combined for llm use\PURCHASED PARTS 2024.xlsx,2026-01-30T11:06:08.970554
303-0610,"1/2"" GREENFIELD CONNECTOR BRDGPORT 520-DC2",ELECT,EA,1,EA,20,0.77824,,0.77825,2024,213,15,13,7,7,7,35,15,5,15,61,5,28,4,H:\brady\BOT TRAINING\Eagle Data\combined for llm use\PURCHASED PARTS 2024.xlsx,2026-01-30T11:06:08.970554
303-0612,HEYCO 8495 Snap In Connector,ELECT,EA,100,BX,20,0.81759,,0.81759,2024,202,24,22,12,8,10,24,26,10,10,22,16,18,4,H:\brady\BOT TRAINING\Eagle Data\combined for llm use\PURCHASED PARTS 2024.xlsx,2026-01-30T11:06:08.970554
303-0630,PPKHVC HIGH VOLTAGE CONNECTOR,ELECT,EA,1,EA,20,,,4.58,2024,1,,,,,,,1,,,,,,4,H:\brady\BOT TRAINING\Eagle Data\combined for llm use\PURCHASED PARTS 2024.xlsx,2026-01-30T11:06:08.970554
303-0650,"1/2"" LIQUITITE SEALTITE MALE CONNECTOR - STRAIGHT - RACO #3402",ELECT,EA,1,EA,20,3.6386,,2.92483,2024,45,,,,,,24,,,1,,,20,4,H:\brady\BOT TRAINING\Eagle Data\combined for llm use\PURCHASED PARTS 2024.xlsx,2026-01-30T11:06:08.970554
303-1030,"1/2"" 90-DEG. GREENFIELD CONNECTOR BRDGPORT 804-DC2",ELECT,EA,25,BX,20,1.6756,,1.715,2024,124,15,11,7,3,7,15,15,5,10,23,5,8,4,H:\brady\BOT TRAINING\Eagle Data\combined for llm use\PURCHASED PARTS 2024.xlsx,2026-01-30T11:06:08.970554
303-1130,"1/2"" 90-DEG. SEALTIGHT ELBOW",ELECT,EA,1,EA,20,5.282,,3.1752,2024,6,,2,,,,2,,,,,,2,4,H:\brady\BOT TRAINING\Eagle Data\combined for llm use\PURCHASED PARTS 2024.xlsx,2026-01-30T11:06:08.970554
303-1220,"1/2"" LOCK NUT",ELECT,EA,1,EA,20,0.2925,,0.29235,2024,1,,1,,,,,,,,,,,4,H:\brady\BOT TRAINING\Eagle Data\combined for llm use\PURCHASED PARTS 2024.xlsx,2026-01-30T11:06:08.970554
303-1240,"1"" LOCK NUT",ELECT,EA,1,EA,20,0.703,,0.703,2024,123,15,10,7,3,7,15,15,5,10,23,5,8,4,H:\brady\BOT TRAINING\Eagle Data\combined for llm use\PURCHASED PARTS 2024.xlsx,2026-01-30T11:06:08.970554
303-1260,"1-1/2"" LOCK NUT",ELECT,EA,1,EA,20,1.2625,,1.26245,2024,200,22,22,12,8,10,24,26,10,10,26,12,18,4,H:\brady\BOT TRAINING\Eagle Data\combined for llm use\PURCHASED PARTS 2024.xlsx,2026-01-30T11:06:08.970554
303-1280,"1/2"" CHASE NIPPLE",ELECT,EA,1,EA,20,0.9215,,0.9215,2024,108,11,11,6,4,9,14,13,5,5,13,6,11,4,H:\brady\BOT TRAINING\Eagle Data\combined for llm use\PURCHASED PARTS 2024.xlsx,2026-01-30T11:06:08.970554
303-1330,"1"" CHASE NIPPLE",ELECT,EA,1,EA,20,3.2905,,3.29045,2024,214,28,18,13,5,13,27,25,10,16,36,10,13,4,H:\brady\BOT TRAINING\Eagle Data\combined for llm use\PURCHASED PARTS 2024.xlsx,2026-01-30T11:06:08.970554
303-1355,"1 1/2"" CHASE NIPPLE 1106-DC",ELECT,EA,1,EA,20,9.5386,,9.5386,2024,200,22,22,12,8,10,24,26,10,10,26,12,18,4,H:\brady\BOT TRAINING\Eagle Data\combined for llm use\PURCHASED PARTS 2024.xlsx,2026-01-30T11:06:08.970554
303-1435,Paige Wall Busters,ELECT,EA,1,EA,20,6.01,,6.01,2024,213,18,39,17,46,,10,,27,4,41,,11,4,H:\brady\BOT TRAINING\Eagle Data\combined for llm use\PURCHASED PARTS 2024.xlsx,2026-01-30T11:06:08.970554
306-0950,F30T12CWHO,LAMPS,EA,1,EA,20,6.29,,6.29,2024,4,,,,,,,,,,,,4,4,H:\brady\BOT TRAINING\Eagle Data\combined for llm use\PURCHASED PARTS 2024.xlsx,2026-01-30T11:06:08.970554
306-1060,F42T12CW/HO LAMP,LAMPS,EA,1,EA,20,2.97,,2.97,2024,7,4,,,,3,,,,,,,,4,H:\brady\BOT TRAINING\Eagle Data\combined for llm use\PURCHASED PARTS 2024.xlsx,2026-01-30T11:06:08.970554
306-1070,F42T12D/HO LAMP,LAMPS,EA,1,EA,20,4.22,,3.29,2024,4,,,4,,,,,,,,,,4,H:\brady\BOT TRAINING\Eagle Data\combined for llm use\PURCHASED PARTS 2024.xlsx,2026-01-30T11:06:08.970554
306-1080,F48T12CW/HO LAMP,LAMPS,EA,1,EA,20,8.18,,8.18,2024,8,4,,,,,,,,,4,,,4,H:\brady\BOT TRAINING\Eagle Data\combined for llm use\PURCHASED PARTS 2024.xlsx,2026-01-30T11:06:08.970554
306-1100,F60T12CW/HO LAMP,LAMPS,EA,1,EA,20,3.02,,3.02,2024,16,,5,,5,,,4,,2,,,,4,H:\brady\BOT TRAINING\Eagle Data\combined for llm use\PURCHASED PARTS 2024.xlsx,2026-01-30T11:06:08.970554
306-1140,F72T12CW/HO LAMP,LAMPS,EA,1,EA,20,8.62,,10.17,2024,39,,5,2,,5,,4,,3,,5,15,4,H:\brady\BOT TRAINING\Eagle Data\combined for llm use\PURCHASED PARTS 2024.xlsx,2026-01-30T11:06:08.970554
306-1160,F72T12D/HO LAMP,LAMPS,EA,15,CS,20,5.8,,5.8,2024,2,,,,,,,,,,,,2,4,H:\brady\BOT TRAINING\Eagle Data\combined for llm use\PURCHASED PARTS 2024.xlsx,2026-01-30T11:06:08.970554
306-1180,F84T12CW/HO LAMP,LAMPS,EA,15,CS,20,7.59,,7.59,2024,23,,,,,,,2,,4,,9,8,4,H:\brady\BOT TRAINING\Eagle Data\combined for llm use\PURCHASED PARTS 2024.xlsx,2026-01-30T11:06:08.970554
306-1210,F96T12CW/HO LAMP,LAMPS,EA,1,EA,20,11.24,,8.39,2024,17,,,,,,,,,,16,1,,4,H:\brady\BOT TRAINING\Eagle Data\combined for llm use\PURCHASED PARTS 2024.xlsx,2026-01-30T11:06:08.970554
306-1290,F120T12CW/HO LAMP/VOLTARC,LAMPS,EA,1,EA,20,19.3,,19.3,2024,9,,,,,,,4,,5,,,,4,H:\brady\BOT TRAINING\Eagle Data\combined for llm use\PURCHASED PARTS 2024.xlsx,2026-01-30T11:06:08.970554
307-0100,18 GAUGE LED HOOK UP WIRE,ELECT,FT,1,FT,20,0.36213,,0.30316,2024,5305,855,430,466,498,529,142,423,874,392,619,5,72,4,H:\brady\BOT TRAINING\Eagle Data\combined for llm use\PURCHASED PARTS 2024.xlsx,2026-01-30T11:06:08.970554
307-0101,LED HOOK UP WIRE for RGB systems,ELECT,FT,1,FT,20,0.5468,,0.5468,2024,20,,,,,,,,20,,,,,4,H:\brady\BOT TRAINING\Eagle Data\combined for llm use\PURCHASED PARTS 2024.xlsx,2026-01-30T11:06:08.970554
307-0134,HanleyLED NRG Series IV - PE4/PN4,ELECT,EA,40,BG,20,2.275,,2.275,2024,427,,,,67,,,168,,,192,,,4,H:\brady\BOT TRAINING\Eagle Data\combined for llm use\PURCHASED PARTS 2024.xlsx,2026-01-30T11:06:08.970554
307-0151,H96W-SD-24V power supply,ELECT,EA,1,EA,20,39.85,,39.85,2024,2887,70,418,437,327,232,80,436,30,89,288,91,389,4,H:\brady\BOT TRAINING\Eagle Data\combined for llm use\PURCHASED PARTS 2024.xlsx,2026-01-30T11:06:08.970554
307-0170,H192W-SD-24 power supply,ELECT,EA,1,EA,20,93.92,,89.95,2024,5,,1,,1,,2,,,,,1,,4,H:\brady\BOT TRAINING\Eagle Data\combined for llm use\PURCHASED PARTS 2024.xlsx,2026-01-30T11:06:08.970554
307-0258,HPEB-CC cable 6',ELECT,EA,1,EA,20,3.28,,3.92,2024,345,41,33,19,13,17,39,41,17,20,45,30,30,4,H:\brady\BOT TRAINING\Eagle Data\combined for llm use\PURCHASED PARTS 2024.xlsx,2026-01-30T11:06:08.970554
307-0259,HPEB-CC cable 12,ELECT,EA,1,EA,20,8.64,,8.64,2024,2493,33,333,418,313,365,36,339,15,17,38,222,364,4,H:\brady\BOT TRAINING\Eagle Data\combined for llm use\PURCHASED PARTS 2024.xlsx,2026-01-30T11:06:08.970554
307-0260,Hanley PF4180W,ELECT,EA,50,BG,20,1.416,,2.0034,2024,528,300,,,,108,,,100,20,,,,4,H:\brady\BOT TRAINING\Eagle Data\combined for llm use\PURCHASED PARTS 2024.xlsx,2026-01-30T11:06:08.970554
307-0261,PF3120 Phoenix LED,ELECT,EA,80,BG,20,1.01788,,1.23025,2024,145,,,,140,,,,,,,,5,4,H:\brady\BOT TRAINING\Eagle Data\combined for llm use\PURCHASED PARTS 2024.xlsx,2026-01-30T11:06:08.970554
307-0262,PF3120 Red Phoenix LED,ELECT,EA,80,BG,20,1.74975,,1.28525,2024,285,,,70,-70,,,285,,,,,,4,H:\brady\BOT TRAINING\Eagle Data\combined for llm use\PURCHASED PARTS 2024.xlsx,2026-01-30T11:06:08.970554
307-0263,PF2080 Phoenix LED,ELECT,EA,120,BG,20,0.68283,,0.68283,2024,5833,407,735,408,1137,584,29,402,771,588,709,7,56,4,H:\brady\BOT TRAINING\Eagle Data\combined for llm use\PURCHASED PARTS 2024.xlsx,2026-01-30T11:06:08.970554
307-0264,H120W-PPS5 Hanley Power Supply,ELECT,EA,1,EA,20,48.58,,48.58,2024,128,8,6,2,13,7,1,2,14,5,7,1,62,4,H:\brady\BOT TRAINING\Eagle Data\combined for llm use\PURCHASED PARTS 2024.xlsx,2026-01-30T11:06:08.970554
307-0265,H60W-SD-12 Hanley Power Supply,ELECT,EA,1,EA,20,25.4,,25.4,2024,101,10,10,9,9,7,1,6,12,12,16,4,5,4,H:\brady\BOT TRAINING\Eagle Data\combined for llm use\PURCHASED PARTS 2024.xlsx,2026-01-30T11:06:08.970554
307-0269,"SHPEB-2S6045K NRG Bar 60"" 4500K",ELECT,EA,1,EA,20,61.02,,61.02,2024,9942,220,1420,1720,1280,900,238,1460,100,100,220,944,1340,4,H:\brady\BOT TRAINING\Eagle Data\combined for llm use\PURCHASED PARTS 2024.xlsx,2026-01-30T11:06:08.970554
307-0270,"SHPEB-2S3645K NRG Bar 36"" 4500K",ELECT,EA,1,EA,20,29.88,,36.6,2024,396,45,33,21,9,21,45,45,15,30,69,15,48,4,H:\brady\BOT TRAINING\Eagle Data\combined for llm use\PURCHASED PARTS 2024.xlsx,2026-01-30T11:06:08.970554
307-0271,PF2080 Red Phoenix LED,ELECT,EA,120,BG,20,0.84917,,0.84917,2024,104,,,,10,94,,,,,,,,4,H:\brady\BOT TRAINING\Eagle Data\combined for llm use\PURCHASED PARTS 2024.xlsx,2026-01-30T11:06:08.970554
307-2530,LED Corn 120W,ELECT,EA,1,EA,20,100.66667,,98.0205,2024,2,,,,,,,,,1,1,,,4,H:\brady\BOT TRAINING\Eagle Data\combined for llm use\PURCHASED PARTS 2024.xlsx,2026-01-30T11:06:08.970554
309-1900,TUBE SUPPORT 10 MM CLEAR VUE,NEON,EA,1,EA,20,,NEON,0.2492,2024,15,,,,,,15,,,,,,,4,H:\brady\BOT TRAINING\Eagle Data\combined for llm use\PURCHASED PARTS 2024.xlsx,2026-01-30T11:06:08.970554
309-1990,QUIK SUPPORT/PLASTIC,NEON,EA,1,EA,20,0.1737,NEON,0.39,2024,5,,,,,,,,,,,5,,4,H:\brady\BOT TRAINING\Eagle Data\combined for llm use\PURCHASED PARTS 2024.xlsx,2026-01-30T11:06:08.970554
310-0380,T103 DOUBLE POLE TIMER,ELECT,EA,1,EA,20,86.75,,73.665,2024,0,,,,,,,0,,,,,,4,H:\brady\BOT TRAINING\Eagle Data\combined for llm use\PURCHASED PARTS 2024.xlsx,2026-01-30T11:06:08.970554
311-0840,530.1 SPRINGLOADED SOCKETS,ELECT,EA,1,EA,20,1.89675,,1.52,2024,13,,,12,,,,1,,,,,,4,H:\brady\BOT TRAINING\Eagle Data\combined for llm use\PURCHASED PARTS 2024.xlsx,2026-01-30T11:06:08.970554
311-0841,530.2 STATIONERY SOCKETS,ELECT,EA,1,EA,20,1.1718,,1.17,2024,13,,,12,,,,,,1,,,,4,H:\brady\BOT TRAINING\Eagle Data\combined for llm use\PURCHASED PARTS 2024.xlsx,2026-01-30T11:06:08.970554
311-0860,582-583 SNAP IN SOCKETS - 250/BOX,ELECT,EA,1,EA,20,3.535,,3.535,2024,178,,2,,,1,,51,,16,2,,106,4,H:\brady\BOT TRAINING\Eagle Data\combined for llm use\PURCHASED PARTS 2024.xlsx,2026-01-30T11:06:08.970554
311-0862,HPEB-MB NRG Bar Mounting Bracket,ELECT,EA,1,EA,20,4.15,,3.23,2024,2349,265,256,141,89,121,283,305,123,130,329,119,188,4,H:\brady\BOT TRAINING\Eagle Data\combined for llm use\PURCHASED PARTS 2024.xlsx,2026-01-30T11:06:08.970554
311-0980,WEATHER PROTECTIVE COVERS #S2983 FOR TOGGLE SWITCH,ELECT,EA,25,BX,20,0.5585,,1.3,2024,30,2,1,,3,8,,5,5,4,2,,,4,H:\brady\BOT TRAINING\Eagle Data\combined for llm use\PURCHASED PARTS 2024.xlsx,2026-01-30T11:06:08.970554
311-1050,TOGGLE SWITCH W/LEADS,ELECT,EA,1,EA,20,5.91,,5.62,2024,64,8,5,3,5,9,1,5,10,10,5,1,2,4,H:\brady\BOT TRAINING\Eagle Data\combined for llm use\PURCHASED PARTS 2024.xlsx,2026-01-30T11:06:08.970554
312-0100,TRANSFORMER BOXES,TRANSF,EA,1,EA,20,30.19,,28.7,2024,32,6,2,2,1,4,1,1,3,4,5,,3,4,H:\brady\BOT TRAINING\Eagle Data\combined for llm use\PURCHASED PARTS 2024.xlsx,2026-01-30T11:06:08.970554
312-0680,9000/30 P8G2U SERVICE MASTER TRAN,TRANSF,EA,1,EA,20,112.81,,114.7,2024,3,,,1,,1,,1,,,,,,4,H:\brady\BOT TRAINING\Eagle Data\combined for llm use\PURCHASED PARTS 2024.xlsx,2026-01-30T11:06:08.970554
312-0950,15000/30 P5G-2UE FRANCE TRAN,TRANSF,EA,1,EA,20,240.43,,240.43,2024,3,1,1,,,,,,,,1,,,4,H:\brady\BOT TRAINING\Eagle Data\combined for llm use\PURCHASED PARTS 2024.xlsx,2026-01-30T11:06:08.970554
312-1130,NPS-120-6030 VENTEX TRAN,TRANSF,EA,1,EA,20,39.4475,,39.45,2024,1,,1,,,,,,,,,,,4,H:\brady\BOT TRAINING\Eagle Data\combined for llm use\PURCHASED PARTS 2024.xlsx,2026-01-30T11:06:08.970554
312-1159,VT6030 CL120 Ventex Transformer,TRANSF,EA,1,EA,20,115.18,,115.18,2024,1,,,,,1,,,,,,,,4,H:\brady\BOT TRAINING\Eagle Data\combined for llm use\PURCHASED PARTS 2024.xlsx,2026-01-30T11:06:08.970554
312-1175,VT12030CL-120 CHANNEL LETTER TRANSFORMER,TRANSF,EA,1,EA,20,201.59,,178.44,2024,2,,1,,,,,,,,,1,,4,H:\brady\BOT TRAINING\Eagle Data\combined for llm use\PURCHASED PARTS 2024.xlsx,2026-01-30T11:06:08.970554
312-1180,VT9030-120 INDOOR TRANSFORMER W/ PULL CHAIN,TRANSF,EA,1,EA,20,48.34,,89.99,2024,0,,,,,,,2,,,-2,,,4,H:\brady\BOT TRAINING\Eagle Data\combined for llm use\PURCHASED PARTS 2024.xlsx,2026-01-30T11:06:08.970554
313-0130,5/8 GROUNDING CLAMP,ELECT,EA,1,EA,20,3.852,,1.07,2024,1,,,,,,,,,1,,,,4,H:\brady\BOT TRAINING\Eagle Data\combined for llm use\PURCHASED PARTS 2024.xlsx,2026-01-30T11:06:08.970554
313-0160,5/8 X 8 GROUNDING ROD,ELECT,EA,1,EA,20,17.334,,8.26,2024,1,,,,,,,,,1,,,,4,H:\brady\BOT TRAINING\Eagle Data\combined for llm use\PURCHASED PARTS 2024.xlsx,2026-01-30T11:06:08.970554
313-0332,#12 BLACK 600V STRANDED WIRE,ELECT,FT,500,RL,20,0.19619,,0.19619,2024,61,,,25,,,,,,36,,,,4,H:\brady\BOT TRAINING\Eagle Data\combined for llm use\PURCHASED PARTS 2024.xlsx,2026-01-30T11:06:08.970554
313-0333,#12 GREEN 1000V STRANDED WIRE MTW,ELECT,FT,500,RL,20,0.14622,,0.1265,2024,45,,,25,,,,,20,,,,,4,H:\brady\BOT TRAINING\Eagle Data\combined for llm use\PURCHASED PARTS 2024.xlsx,2026-01-30T11:06:08.970554
313-0334,#12 WHITE UL 1000V STRANDED WIRE MTW,ELECT,FT,500,RL,20,0.325,,0.325,2024,4631,462,454,261,169,281,570,546,297,278,614,275,424,4,H:\brady\BOT TRAINING\Eagle Data\combined for llm use\PURCHASED PARTS 2024.xlsx,2026-01-30T11:06:08.970554
313-0335,#12 BLACK UL 1000V STRANDED WIRE MTW,ELECT,FT,500,RL,20,0.3756,,0.3756,2024,6535,725,611,338,219,390,730,765,352,503,1055,356,491,4,H:\brady\BOT TRAINING\Eagle Data\combined for llm use\PURCHASED PARTS 2024.xlsx,2026-01-30T11:06:08.970554
313-0336,#12 GREEN UL 1000V STRANDED WIRE MTW,ELECT,FT,500,RL,20,0.32911,,0.32911,2024,2538,242,234,116,91,181,274,286,197,213,375,135,194,4,H:\brady\BOT TRAINING\Eagle Data\combined for llm use\PURCHASED PARTS 2024.xlsx,2026-01-30T11:06:08.970554
313-0350,#14 THHN SOLID WIRE 600V ,ELECT,FT,500,RL,20,0.05754,,0.05755,2024,16,,,,,,,,,16,,,,4,H:\brady\BOT TRAINING\Eagle Data\combined for llm use\PURCHASED PARTS 2024.xlsx,2026-01-30T11:06:08.970554
313-0380,30-072 BLUE WIRE NUT,ELECT,EA,100,BX,20,0.14124,,0.14124,2024,1866,288,206,135,137,72,,340,303,108,267,10,,4,H:\brady\BOT TRAINING\Eagle Data\combined for llm use\PURCHASED PARTS 2024.xlsx,2026-01-30T11:06:08.970554
313-0420,30-452 RED WIRE NUTS,ELECT,EA,1,EA,20,0.32057,,0.32057,2024,1135,110,110,60,48,54,140,137,126,54,110,76,110,4,H:\brady\BOT TRAINING\Eagle Data\combined for llm use\PURCHASED PARTS 2024.xlsx,2026-01-30T11:06:08.970554
313-0440,30-454 BLUE WIRE NUT,ELECT,EA,100,BX,20,0.0777,,0.0777,2024,30,-12,,18,,,24,,,,,,,4,H:\brady\BOT TRAINING\Eagle Data\combined for llm use\PURCHASED PARTS 2024.xlsx,2026-01-30T11:06:08.970554
313-0465,WIRE NUTS O/B+,ELECT,EA,500,BG,20,0.121,,0.114,2024,2540,308,206,182,164,146,260,234,162,260,296,150,172,4,H:\brady\BOT TRAINING\Eagle Data\combined for llm use\PURCHASED PARTS 2024.xlsx,2026-01-30T11:06:08.970554
313-0475,74B YELLOW 1000V UL WIRE NUT,ELECT,EA,1,EA,20,0.107,,0.10722,2024,25,,9,,,,,2,,,,14,,4,H:\brady\BOT TRAINING\Eagle Data\combined for llm use\PURCHASED PARTS 2024.xlsx,2026-01-30T11:06:08.970554
313-0476,Wago 3 wire lever nuts,ELECT,EA,50,BX,20,0.42636,,0.42636,2024,260,27,,,14,24,,48,24,36,30,16,41,4,H:\brady\BOT TRAINING\Eagle Data\combined for llm use\PURCHASED PARTS 2024.xlsx,2026-01-30T11:06:08.970554
313-0477,Wago 5 wire lever nuts,ELECT,EA,25,BX,20,0.68076,,0.68076,2024,134,,,,,18,,,16,14,74,3,9,4,H:\brady\BOT TRAINING\Eagle Data\combined for llm use\PURCHASED PARTS 2024.xlsx,2026-01-30T11:06:08.970554
403-0101,Grip Gard Base Coat White 110,PAINT,OZ,128,GL,20,1.14688,,1.14688,2024,55,,,,15,,5,2,8,5,19,1,,4,H:\brady\BOT TRAINING\Eagle Data\combined for llm use\PURCHASED PARTS 2024.xlsx,2026-01-30T11:06:08.970554
403-0102,GRIP Gard Base Coat Mixing Black 160,PAINT,OZ,128,GL,20,1.14688,,1.14688,2024,415,27,29,16,18,78,2,45,23,110,22,14,31,4,H:\brady\BOT TRAINING\Eagle Data\combined for llm use\PURCHASED PARTS 2024.xlsx,2026-01-30T11:06:08.970554
403-0103,Grip Gard Base Coat High Strength (HS) White 120,PAINT,OZ,128,GL,20,1.27742,,1.19382,2024,485,12,33,39,10,28,7,48,63,126,94,1,24,4,H:\brady\BOT TRAINING\Eagle Data\combined for llm use\PURCHASED PARTS 2024.xlsx,2026-01-30T11:06:08.970554
403-0104,GRIP Gard Base Coat Deep Black 140,PAINT,OZ,128,GL,20,1.27742,,1.27742,2024,4616,522,471,267,189,243,558,579,226,288,643,269,361,4,H:\brady\BOT TRAINING\Eagle Data\combined for llm use\PURCHASED PARTS 2024.xlsx,2026-01-30T11:06:08.970554
403-0105,Grip Gard Base Coat Assorted Colors,PAINT,OZ,34,LITER,20,2.405,,2.67438,2024,478,24,52,6,11,54,43,20,77,46,84,10,51,4,H:\brady\BOT TRAINING\Eagle Data\combined for llm use\PURCHASED PARTS 2024.xlsx,2026-01-30T11:06:08.970554
403-0106,Grip Gard Base Coat Metallic Fine 811E,PAINT,OZ,128,GL,20,1.79086,,1.75344,2024,226,65,,8,8,16,,,44,9,43,33,,4,H:\brady\BOT TRAINING\Eagle Data\combined for llm use\PURCHASED PARTS 2024.xlsx,2026-01-30T11:06:08.970554
403-0107,Grip Gard Base Coat Metallic Very Coarse 811R,PAINT,OZ,128,GL,20,1.79086,,1.36117,2024,172,113,,8,,,,,17,1,20,13,,4,H:\brady\BOT TRAINING\Eagle Data\combined for llm use\PURCHASED PARTS 2024.xlsx,2026-01-30T11:06:08.970554
404-0111,EFXLV B60HG 483921,PAINT,OZ,128,GL,20,0.98281,,0.98281,2024,128,,,,128,,,,,,,,,4,H:\brady\BOT TRAINING\Eagle Data\combined for llm use\PURCHASED PARTS 2024.xlsx,2026-01-30T11:06:08.970554
404-0115,Grip Gard Base Coat 90 Binder,PAINT,OZ,33,LITER,20,1.56348,,1.21,2024,6,,,,,6,,,,,,,,4,H:\brady\BOT TRAINING\Eagle Data\combined for llm use\PURCHASED PARTS 2024.xlsx,2026-01-30T11:06:08.970554
404-0195,Clear Hardener (Universal) 563553,PAINT,OZ,128,GL,20,1.31672,,1.37844,2024,5260,613,506,299,199,313,559,641,299,400,756,291,384,4,H:\brady\BOT TRAINING\Eagle Data\combined for llm use\PURCHASED PARTS 2024.xlsx,2026-01-30T11:06:08.970554
404-0196,GRIP GARD PL Sup Top Plus 3.5 VOC 397479,PAINT,OZ,32,QT,20,3.02563,,3.23438,2024,95,11,11,6,4,5,10,13,5,5,11,7,7,4,H:\brady\BOT TRAINING\Eagle Data\combined for llm use\PURCHASED PARTS 2024.xlsx,2026-01-30T11:06:08.970554
404-0231,Clear Gloss (Universal) 571430,PAINT,OZ,128,GL,20,1.1625,,1.25,2024,5344,612,539,309,201,291,635,670,263,372,719,316,417,4,H:\brady\BOT TRAINING\Eagle Data\combined for llm use\PURCHASED PARTS 2024.xlsx,2026-01-30T11:06:08.970554
404-0232,Low Gloss Clear (Universal) 563426,PAINT,OZ,128,GL,20,1.21875,,1.31101,2024,1332,189,109,79,52,123,31,103,147,181,198,51,69,4,H:\brady\BOT TRAINING\Eagle Data\combined for llm use\PURCHASED PARTS 2024.xlsx,2026-01-30T11:06:08.970554
404-0233,Satin Clear (Universal) 563423,PAINT,OZ,128,GL,20,0.86797,,0.8345,2024,23,,,,,,,8,15,,,,,4,H:\brady\BOT TRAINING\Eagle Data\combined for llm use\PURCHASED PARTS 2024.xlsx,2026-01-30T11:06:08.970554
404-0295,GRIP GARD Base Coat Medium Reducer 391265,PAINT,OZ,128,GL,20,0.34383,,0.31758,2024,6990,825,676,411,327,459,729,808,401,529,987,365,473,4,H:\brady\BOT TRAINING\Eagle Data\combined for llm use\PURCHASED PARTS 2024.xlsx,2026-01-30T11:06:08.970554
404-0296,GRIP GARD Base Coat Flex Medium Reducer 483311,PAINT,OZ,128,GL,20,0.30672,,0.21859,2024,7,,,,,7,,,,,,,,4,H:\brady\BOT TRAINING\Eagle Data\combined for llm use\PURCHASED PARTS 2024.xlsx,2026-01-30T11:06:08.970554
404-0297,Grip Gard Surfacer Sealer Hardener GGSURESEALHARDQT 576880,PAINT,OZ,32,QT,20,0.81219,,0.75906,2024,10,,,,,,,,10,,,,,4,H:\brady\BOT TRAINING\Eagle Data\combined for llm use\PURCHASED PARTS 2024.xlsx,2026-01-30T11:06:08.970554
404-0361,Epoxy Hardener Grip-Gard 483100GL,PAINT,OZ,128,GL,20,0.95844,,0.95844,2024,64,,,,,,,,,64,,,,4,H:\brady\BOT TRAINING\Eagle Data\combined for llm use\PURCHASED PARTS 2024.xlsx,2026-01-30T11:06:08.970554
404-0362,Epoxy Reducer Grip=Gard 480746GL,PAINT,OZ,128,GL,20,0.30594,,0.30594,2024,64,,,,,,,,,64,,,,4,H:\brady\BOT TRAINING\Eagle Data\combined for llm use\PURCHASED PARTS 2024.xlsx,2026-01-30T11:06:08.970554
404-0380,White Wash Primer ,PAINT,OZ,128,GL,20,0.88328,,0.88328,2024,8069,949,815,491,425,612,838,935,487,548,1071,448,450,4,H:\brady\BOT TRAINING\Eagle Data\combined for llm use\PURCHASED PARTS 2024.xlsx,2026-01-30T11:06:08.970554
404-0382,White Surfacer Sealer GGSURWHITEGL 545807,PAINT,OZ,128,GL,20,0.72617,,0.72617,2024,30,,,,,,,,30,,,,,4,H:\brady\BOT TRAINING\Eagle Data\combined for llm use\PURCHASED PARTS 2024.xlsx,2026-01-30T11:06:08.970554
404-0390,WAX & GREASE REMOVER M600,PAINT,OZ,128,GL,20,0.26742,,0.2506,2024,69,,,,64,,,,,5,,,,4,H:\brady\BOT TRAINING\Eagle Data\combined for llm use\PURCHASED PARTS 2024.xlsx,2026-01-30T11:06:08.970554
405-0145,Jet Black Cote All,PAINT,OZ,128,GL,20,0.41262,,0.42203,2024,5130,572,420,341,133,286,803,547,260,287,653,287,541,4,H:\brady\BOT TRAINING\Eagle Data\combined for llm use\PURCHASED PARTS 2024.xlsx,2026-01-30T11:06:08.970554
407-0110,225S ALUMINUM CLEANER,PAINT,OZ,128,GL,20,0.50332,,0.59094,2024,130,,,32,16,36,30,8,8,,,,,4,H:\brady\BOT TRAINING\Eagle Data\combined for llm use\PURCHASED PARTS 2024.xlsx,2026-01-30T11:06:08.970554
407-0111,S-375 aluminum cleaner,PAINT,OZ,128,GL,20,0.07976,,0.0867,2024,12142,1573,1525,894,1288,1219,1306,1099,683,503,1156,477,419,4,H:\brady\BOT TRAINING\Eagle Data\combined for llm use\PURCHASED PARTS 2024.xlsx,2026-01-30T11:06:08.970554
408-0290,Grip-Gard 483099 GL White Epoxy Sealer,PAINT,OZ,128,GL,20,0.89438,,0.89438,2024,64,,,,,,,,,64,,,,4,H:\brady\BOT TRAINING\Eagle Data\combined for llm use\PURCHASED PARTS 2024.xlsx,2026-01-30T11:06:08.970554
409-0140,Lacquer Thinner,PAINT,OZ,128,GL,20,0.09158,,0.0916,2024,16297,1800,1350,1170,450,990,2312,1890,900,990,2250,990,1205,4,H:\brady\BOT TRAINING\Eagle Data\combined for llm use\PURCHASED PARTS 2024.xlsx,2026-01-30T11:06:08.970554
409-0165,DuPont 3812,PAINT,OZ,128,GL,20,0.15617,,0.2382,2024,1320,154,115,91,35,77,211,147,70,77,175,77,91,4,H:\brady\BOT TRAINING\Eagle Data\combined for llm use\PURCHASED PARTS 2024.xlsx,2026-01-30T11:06:08.970554
502-0260,WHITE TRANS FILM/INKJET 54,VPRINT,SF,13.5,LYD,20,2.14981,,1.4201,2024,25,,,,,,25,,,,,,,4,H:\brady\BOT TRAINING\Eagle Data\combined for llm use\PURCHASED PARTS 2024.xlsx,2026-01-30T11:06:08.970554
506-0130,48 1772 YELLOW PAINT MASK,VINYL,SF,12,LYD,20,0.65233,,0.6,2024,379,,,,38,,16,,147,,166,,12,4,H:\brady\BOT TRAINING\Eagle Data\combined for llm use\PURCHASED PARTS 2024.xlsx,2026-01-30T11:06:08.970554
506-0520,"Transferite - High Tack 18""",VINYL,SF,450,RL,20,0.27667,,0.17993,2024,1005,280,136,107,197,80,45,67,93,,,,,4,H:\brady\BOT TRAINING\Eagle Data\combined for llm use\PURCHASED PARTS 2024.xlsx,2026-01-30T11:06:08.970554
506-0530,"Transferite - High Tack 24""",VINYL,SF,600,RL,20,0.27667,,0.179,2024,9485,1457,1974,1064,969,999,1012,1384,626,,,,,4,H:\brady\BOT TRAINING\Eagle Data\combined for llm use\PURCHASED PARTS 2024.xlsx,2026-01-30T11:06:08.970554
506-0600,"Transferite - High Tack 12""",VINYL,SF,300,RL,20,0.1824,,0.179,2024,5118,404,884,802,372,644,482,862,308,,,120,240,4,H:\brady\BOT TRAINING\Eagle Data\combined for llm use\PURCHASED PARTS 2024.xlsx,2026-01-30T11:06:08.970554
506-0610,"Transferite - High Tack 16""",VINYL,SF,400,RL,20,0.18148,,0.179,2024,358,102,160,34,43,11,,,8,,,,,4,H:\brady\BOT TRAINING\Eagle Data\combined for llm use\PURCHASED PARTS 2024.xlsx,2026-01-30T11:06:08.970554
507-0135,Blue ElectroCut Film 3M 1175,VREFL,SF,1,SF,20,2.55742,,2.55742,2024,7,,,,,7,,,,,,,,4,H:\brady\BOT TRAINING\Eagle Data\combined for llm use\PURCHASED PARTS 2024.xlsx,2026-01-30T11:06:08.970554
507-0425,"White 4090 DG3 Refl sheeting 11 48""",VREFL,SF,1,SF,20,4.16667,,5.5434,2024,184,,,144,,36,,4,,,,,,4,H:\brady\BOT TRAINING\Eagle Data\combined for llm use\PURCHASED PARTS 2024.xlsx,2026-01-30T11:06:08.970554
507-0426,"White 3930 High Intensity Prismatic (HIP) 48"" x 50yd roll",VREFL,SF,12,LYD,20,1.81497,,1.68,2024,64,,,,,,,,,,,64,,4,H:\brady\BOT TRAINING\Eagle Data\combined for llm use\PURCHASED PARTS 2024.xlsx,2026-01-30T11:06:08.970554
507-0427,"White 4090 DG3 Refl sheeting 11 30""",VREFL,SF,1,SF,20,5.86508,,5.86508,2024,60,,,48,,12,,,,,,,,4,H:\brady\BOT TRAINING\Eagle Data\combined for llm use\PURCHASED PARTS 2024.xlsx,2026-01-30T11:06:08.970554
507-0485,YELLOW REF SCOTCHLIT 680-71,VREFL,SF,6,LYD,20,4.19167,,2.7272,2024,32,,,32,,,,,,,,,,4,H:\brady\BOT TRAINING\Eagle Data\combined for llm use\PURCHASED PARTS 2024.xlsx,2026-01-30T11:06:08.970554
508-0330,"BLACK GLOSS 3M 7725-12 48""",VSCTCL,SF,12,LYD,20,1.28558,,1.28558,2024,23421,1122,3661,680,1806,2104,2355,1966,1575,1062,1963,3973,1154,4,H:\brady\BOT TRAINING\Eagle Data\combined for llm use\PURCHASED PARTS 2024.xlsx,2026-01-30T11:06:08.970554
508-0670,BLUE LIGHT NAVY SCOTCHCAL 48,VSCTCL,SF,12,LYD,20,2.315,,2.05,2024,45,27,,,,18,0,,,,,,,4,H:\brady\BOT TRAINING\Eagle Data\combined for llm use\PURCHASED PARTS 2024.xlsx,2026-01-30T11:06:08.970554
508-0710,"#7725-57 OLYMPIC BLUE OPAQUE 48""",VSCTCL,SF,12,LYD,20,1.95792,,0.8747,2024,3,,,2,,1,,,,,,,,4,H:\brady\BOT TRAINING\Eagle Data\combined for llm use\PURCHASED PARTS 2024.xlsx,2026-01-30T11:06:08.970554
508-1240,CHROME MATERIAL 24,VSCTCL,SF,6,LYD,20,1.37133,,1.37133,2024,26,,,,,,,,26,,,,,4,H:\brady\BOT TRAINING\Eagle Data\combined for llm use\PURCHASED PARTS 2024.xlsx,2026-01-30T11:06:08.970554
508-1370,"7725-314 DUSTED CRYSTAL VINYL 48""",VSCTCL,SF,12,LYD,20,2.34383,,2.27558,2024,4,,2,,,,2,,,,,,,4,H:\brady\BOT TRAINING\Eagle Data\combined for llm use\PURCHASED PARTS 2024.xlsx,2026-01-30T11:06:08.970554
508-1750,GRAY MEDIUM SCOTCHCAL 48,VSCTCL,SF,12,LYD,20,2.31958,,2.3195,2024,3,1,,2,,,,,,,,,,4,H:\brady\BOT TRAINING\Eagle Data\combined for llm use\PURCHASED PARTS 2024.xlsx,2026-01-30T11:06:08.970554
508-1870,GREEN BRIGHT SCOTCHCAL 48,VSCTCL,SF,12,LYD,20,2.31958,,2.319,2024,61,49,,,,,,,12,,,,,4,H:\brady\BOT TRAINING\Eagle Data\combined for llm use\PURCHASED PARTS 2024.xlsx,2026-01-30T11:06:08.970554
508-2150,GREY DARK SCOTCHCAL 48,VSCTCL,SF,12,LYD,20,2.32646,,0.8778,2024,2,,,,,,,,2,,,,,4,H:\brady\BOT TRAINING\Eagle Data\combined for llm use\PURCHASED PARTS 2024.xlsx,2026-01-30T11:06:08.970554
508-2985,GERANIUM 180MC-63-4810,VSCTCL,SF,12,LYD,20,1.89942,,1.89941,2024,31,9,,,4,,,2,,16,,,,4,H:\brady\BOT TRAINING\Eagle Data\combined for llm use\PURCHASED PARTS 2024.xlsx,2026-01-30T11:06:08.970554
508-3140,RED TOMATOSCOTCHCAL 48,VSCTCL,SF,12,LYD,20,1.71058,,1.7105,2024,29,15,,,,,2,2,,,6,4,,4,H:\brady\BOT TRAINING\Eagle Data\combined for llm use\PURCHASED PARTS 2024.xlsx,2026-01-30T11:06:08.970554
508-3555,"VQ 4962 GLOSS BLACK VINYL 48"" 3M #3632G-0153   CAT SCALE",VSCTCL,SF,600,RL,20,1.8344,,1.8498,2024,120,,,,,,,120,,,,,,4,H:\brady\BOT TRAINING\Eagle Data\combined for llm use\PURCHASED PARTS 2024.xlsx,2026-01-30T11:06:08.970554
508-3557,"Oracal GLOSS BLACK VINYL 48"" 951 premium cast film",VTRANS,SF,600,RL,20,1.05215,,1.05215,2024,37,,,,,,,,,,,37,,4,H:\brady\BOT TRAINING\Eagle Data\combined for llm use\PURCHASED PARTS 2024.xlsx,2026-01-30T11:06:08.970554
508-3610,WHITE BLOCK OUT VINYL 48,VSCTCL,SF,12,LYD,20,1.19792,,0.7889,2024,2,,,,,,2,,,,,,,4,H:\brady\BOT TRAINING\Eagle Data\combined for llm use\PURCHASED PARTS 2024.xlsx,2026-01-30T11:06:08.970554
508-3690,"7725-10 WHITE OPAQUE 48""",VSCTCL,SF,12,LYD,20,1.28558,,1.79983,2024,265,6,6,4,3,71,4,12,7,10,99,39,4,4,H:\brady\BOT TRAINING\Eagle Data\combined for llm use\PURCHASED PARTS 2024.xlsx,2026-01-30T11:06:08.970554
508-3695,"WHITE CONTROLTAC 180MC-10-4810 48""",VSCTCL,SF,12,LYD,20,1.53017,,1.53016,2024,72,,72,,,,,,,,,,,4,H:\brady\BOT TRAINING\Eagle Data\combined for llm use\PURCHASED PARTS 2024.xlsx,2026-01-30T11:06:08.970554
510-0110,BLACK TRANS 3630-22 VINYL 48,VTRANS,SF,12,LYD,20,1.5075,,1.5075,2024,1148,22,78,240,25,81,216,145,103,128,84,26,,4,H:\brady\BOT TRAINING\Eagle Data\combined for llm use\PURCHASED PARTS 2024.xlsx,2026-01-30T11:06:08.970554
510-0115,"Black 1178 Electrocut overlay 48""",VTRANS,SF,6,LYD,20,1.4,,1.4,2024,6,,,,,6,,,,,,,,4,H:\brady\BOT TRAINING\Eagle Data\combined for llm use\PURCHASED PARTS 2024.xlsx,2026-01-30T11:06:08.970554
510-0140,BLUE 3630-36 TRANS VINYL 48,VTRANS,SF,12,LYD,20,1.83092,,1.86917,2024,42,,,,23,,,8,,4,,4,3,4,H:\brady\BOT TRAINING\Eagle Data\combined for llm use\PURCHASED PARTS 2024.xlsx,2026-01-30T11:06:08.970554
510-0160,BLUE BRISTOL TRANS VINYL 48,VTRANS,SF,12,LYD,20,2.34242,,2.3424,2024,76,,,,,,,,,76,,,,4,H:\brady\BOT TRAINING\Eagle Data\combined for llm use\PURCHASED PARTS 2024.xlsx,2026-01-30T11:06:08.970554
510-0240,BLUE INT TRANS SCOTCH 48,VTRANS,SF,12,LYD,20,1.95142,,1.95142,2024,249,,,,,,65,,70,100,14,,,4,H:\brady\BOT TRAINING\Eagle Data\combined for llm use\PURCHASED PARTS 2024.xlsx,2026-01-30T11:06:08.970554
510-0260,BLUE OLYMPIC TRANS SCOTHCAL 48,VTRANS,SF,12,LYD,20,3.94167,,3.94167,2024,38,18,,,,8,,,,,12,,,4,H:\brady\BOT TRAINING\Eagle Data\combined for llm use\PURCHASED PARTS 2024.xlsx,2026-01-30T11:06:08.970554
510-0270,BLUE PROCESS TRANS SCOTCH 48,VTRANS,SF,12,LYD,20,2.039,,2.039,2024,8,,,8,,,,,,,,,,4,H:\brady\BOT TRAINING\Eagle Data\combined for llm use\PURCHASED PARTS 2024.xlsx,2026-01-30T11:06:08.970554
510-0280,BLUE ROYAL TRANS SCOTCHCAL 48,VTRANS,SF,12,LYD,20,1.46417,,1.46167,2024,12,,,,,,12,,,,,,,4,H:\brady\BOT TRAINING\Eagle Data\combined for llm use\PURCHASED PARTS 2024.xlsx,2026-01-30T11:06:08.970554
510-0300,BLUE SULTAN TRANS S'CAL 48,VTRANS,SF,12,LYD,20,1.95142,,1.7525,2024,146,,,,,,,2,48,,,88,8,4,H:\brady\BOT TRAINING\Eagle Data\combined for llm use\PURCHASED PARTS 2024.xlsx,2026-01-30T11:06:08.970554
510-0321,BRIGHT BLUE 3630-167 TRANS VINYL 48,VTRANS,SF,12,LYD,20,1.655,,1.92025,2024,24,,,24,,,,,,,,,,4,H:\brady\BOT TRAINING\Eagle Data\combined for llm use\PURCHASED PARTS 2024.xlsx,2026-01-30T11:06:08.970554
510-0322,BRIGHT Violet  3630-158 TRANS VINYL 48,VTRANS,SF,12,LYD,20,2.93583,,2.93583,2024,49,,,17,,,,,26,,6,,,4,H:\brady\BOT TRAINING\Eagle Data\combined for llm use\PURCHASED PARTS 2024.xlsx,2026-01-30T11:06:08.970554
510-0330,BRONZE DURANODIC TRAN 48,VTRANS,SF,12,LYD,20,3.12467,,2.37183,2024,0,,,600,,-240,-360,,,,,,,4,H:\brady\BOT TRAINING\Eagle Data\combined for llm use\PURCHASED PARTS 2024.xlsx,2026-01-30T11:06:08.970554
510-0450,"BURGUNDY TRAN 3630-49 48""",VTRANS,SF,12,LYD,20,2.34242,,2.34242,2024,20,,,,,,,,,,,,20,4,H:\brady\BOT TRAINING\Eagle Data\combined for llm use\PURCHASED PARTS 2024.xlsx,2026-01-30T11:06:08.970554
510-0630,GREEN BRILLIANT TRAN 48,VTRANS,SF,12,LYD,20,2.01,,2.01,2024,76,28,,,24,,3,,,16,,2,3,4,H:\brady\BOT TRAINING\Eagle Data\combined for llm use\PURCHASED PARTS 2024.xlsx,2026-01-30T11:06:08.970554
510-0645,"Green 1177 Electrocut overlay 48""",VTRANS,SF,1,SF,20,1.82417,,2.36416,2024,165,,,160,,,,5,,,,,,4,H:\brady\BOT TRAINING\Eagle Data\combined for llm use\PURCHASED PARTS 2024.xlsx,2026-01-30T11:06:08.970554
510-0750,GREEN TEAL TRANS VINYL 48,VTRANS,SF,12,LYD,20,1.86833,,1.86833,2024,21,,,,,,,,,,,21,,4,H:\brady\BOT TRAINING\Eagle Data\combined for llm use\PURCHASED PARTS 2024.xlsx,2026-01-30T11:06:08.970554
510-0760,GREEN TRANS VINYL 48 3630-26,VTRANS,SF,12,LYD,20,1.95142,,1.7875,2024,54,,,,,,,44,10,,,,,4,H:\brady\BOT TRAINING\Eagle Data\combined for llm use\PURCHASED PARTS 2024.xlsx,2026-01-30T11:06:08.970554
510-0800,GREEN VIVID TRANS VINYL 48,VTRANS,SF,12,LYD,20,2.34242,,2.34242,2024,22,,,,6,13,,3,,,,,,4,H:\brady\BOT TRAINING\Eagle Data\combined for llm use\PURCHASED PARTS 2024.xlsx,2026-01-30T11:06:08.970554
510-0876,"Dual Color Black 48"" 3635-222",VTRANS,SF,12,LYD,20,5.44283,,4.21917,2024,312,84,,34,,,30,,66,46,52,,,4,H:\brady\BOT TRAINING\Eagle Data\combined for llm use\PURCHASED PARTS 2024.xlsx,2026-01-30T11:06:08.970554
510-0920,KUMQUAT TRAN SCOTCHCAL 48,VTRANS,SF,12,LYD,20,2.47806,,1.3978,2024,2,,,,,2,,,,,,,,4,H:\brady\BOT TRAINING\Eagle Data\combined for llm use\PURCHASED PARTS 2024.xlsx,2026-01-30T11:06:08.970554
510-0990,MARIGOLD TRAN SCOTCHCAL 48,VTRANS,SF,12,LYD,20,2.78133,,2.78,2024,60,13,,,,5,,,42,,,,,4,H:\brady\BOT TRAINING\Eagle Data\combined for llm use\PURCHASED PARTS 2024.xlsx,2026-01-30T11:06:08.970554
510-1050,"ORANGE TRANS 3630-44 SCOTCHCAL 48""",VTRANS,SF,12,LYD,20,1.94167,,1.94167,2024,42,,42,,,,,,,,,,,4,H:\brady\BOT TRAINING\Eagle Data\combined for llm use\PURCHASED PARTS 2024.xlsx,2026-01-30T11:06:08.970554
510-1150,PLUM PURPLE TRANS VINYL 3630-128 48,VTRANS,SF,12,LYD,20,1.95142,,1.9514,2024,24,,24,,,,,,,,,,,4,H:\brady\BOT TRAINING\Eagle Data\combined for llm use\PURCHASED PARTS 2024.xlsx,2026-01-30T11:06:08.970554
510-1190,3630-33 RED TRANS VINYL,VTRANS,SF,12,LYD,20,1.94167,,1.9419,2024,313,5,24,87,1,31,60,9,28,51,17,,,4,H:\brady\BOT TRAINING\Eagle Data\combined for llm use\PURCHASED PARTS 2024.xlsx,2026-01-30T11:06:08.970554
510-1195,"Red 1172 Electrocut overlay 24""",VTRANS,SF,6,LYD,20,2.56625,,1.4,2024,7,,,,,7,,,,,,,,4,H:\brady\BOT TRAINING\Eagle Data\combined for llm use\PURCHASED PARTS 2024.xlsx,2026-01-30T11:06:08.970554
510-1340,RED REGAL TRAN SCOTCHCAL 48,VTRANS,SF,12,LYD,20,1.94167,,1.94167,2024,58,,,,,,,58,,,,,,4,H:\brady\BOT TRAINING\Eagle Data\combined for llm use\PURCHASED PARTS 2024.xlsx,2026-01-30T11:06:08.970554
510-1470,SILVER GREY TRAN VINYL 48,VTRANS,SF,12,LYD,20,1.9625,,1.9625,2024,4,,,2,2,,,,,,,,,4,H:\brady\BOT TRAINING\Eagle Data\combined for llm use\PURCHASED PARTS 2024.xlsx,2026-01-30T11:06:08.970554
510-1540,SUNFLOWER TRANS 3630-25 VINYL,VTRANS,SF,12,LYD,20,1.86917,,1.86917,2024,50,,,,,,,44,6,,,,,4,H:\brady\BOT TRAINING\Eagle Data\combined for llm use\PURCHASED PARTS 2024.xlsx,2026-01-30T11:06:08.970554
510-1590,TEAL TRAN VINYL 48,VTRANS,SF,12,LYD,20,1.72733,,1.69083,2024,18,,,,,,,,12,6,,,,4,H:\brady\BOT TRAINING\Eagle Data\combined for llm use\PURCHASED PARTS 2024.xlsx,2026-01-30T11:06:08.970554
510-1840,"WHITE DIFFUSER VINYL FILM 40% 3635-30 48""",VTRANS,SF,12,LYD,20,1.31842,,1.14867,2024,150,,16,39,7,6,35,13,18,,6,,10,4,H:\brady\BOT TRAINING\Eagle Data\combined for llm use\PURCHASED PARTS 2024.xlsx,2026-01-30T11:06:08.970554
510-1860,WHITE TRANSLUCENT #3630-20 ,VTRANS,SF,12,LYD,20,1.95142,,2.0104,2024,122,,,35,,8,47,16,,,,,16,4,H:\brady\BOT TRAINING\Eagle Data\combined for llm use\PURCHASED PARTS 2024.xlsx,2026-01-30T11:06:08.970554
510-1905,"Yellow 1171 Electrocut overlay 48""",VTRANS,SF,12,LYD,20,1.8,,1.8,2024,64,,,,,,,,,,,64,,4,H:\brady\BOT TRAINING\Eagle Data\combined for llm use\PURCHASED PARTS 2024.xlsx,2026-01-30T11:06:08.970554
510-1930,YELLOW TRAN SCOTCHC 48,VTRANS,SF,12,LYD,20,2.34233,,2.34233,2024,5,,,,5,,,,,,,,,4,H:\brady\BOT TRAINING\Eagle Data\combined for llm use\PURCHASED PARTS 2024.xlsx,2026-01-30T11:06:08.970554
511-0105,"3M™ 1/2"" 4910 Clear VHB tape",VHRDWE,LF,108,RL,20,0.90796,,0.796,2024,256,30,20,14,6,14,40,30,10,20,46,10,16,4,H:\brady\BOT TRAINING\Eagle Data\combined for llm use\PURCHASED PARTS 2024.xlsx,2026-01-30T11:06:08.970554
511-0110,"1"" 3M VHB ALL-PURPOSE TAPE - WHITE 4930",VHRDWE,LF,216,RL,20,1.02477,,1.02476,2024,417,100,70,45,12,,3,,100,30,41,,16,4,H:\brady\BOT TRAINING\Eagle Data\combined for llm use\PURCHASED PARTS 2024.xlsx,2026-01-30T11:06:08.970554
511-0620,MAGNETIC SHEET .030,VHRDWE,SF,1,SF,20,1.9804,,4.341,2024,50,32,,,,18,,,,,,,,4,H:\brady\BOT TRAINING\Eagle Data\combined for llm use\PURCHASED PARTS 2024.xlsx,2026-01-30T11:06:08.970554
800-0100,GRAVEL MIX,INSTL,BG,1,BG,20,7.1797,,4.5903,2024,2,,,,,,,,,2,,,,4,H:\brady\BOT TRAINING\Eagle Data\combined for llm use\PURCHASED PARTS 2024.xlsx,2026-01-30T11:06:08.970554
800-0120,70# SAND TUBE BAGS,INSTL,EA,1,EA,20,2.5865,,3.73,2024,3,,,,3,,,,,,,,,4,H:\brady\BOT TRAINING\Eagle Data\combined for llm use\PURCHASED PARTS 2024.xlsx,2026-01-30T11:06:08.970554
800-0140,18 SONOTUBE,INSTL,LF,1,LF,20,17.5375,,16.39,2024,4,,,,,,,,4,,,,,4,H:\brady\BOT TRAINING\Eagle Data\combined for llm use\PURCHASED PARTS 2024.xlsx,2026-01-30T11:06:08.970554
800-2110,"1 3/4""x1 3/4""x10' 14ga perforated post",INSTL,EA,1,EA,20,44.22,,38.72,2024,4,,4,,,,,,,,,,,4,H:\brady\BOT TRAINING\Eagle Data\combined for llm use\PURCHASED PARTS 2024.xlsx,2026-01-30T11:06:08.970554
