wo_number,customer_id,customer_name,location,total_material_cost,total_labor_cost,total_burden_cost,total_outplant_cost,total_use_tax,total_cost,quoted_price,sale_price,billing,gross_margin,gm_pct,sales_code,use_tax_code,estimator,quote_nbr,date_completed,status,sign_type,price_class_code,description,part_number,source_tier,source_file
1,,,,0.0,0.0,0.0,0.0,0.0,0.0,,,,,,,,,,2012-12-19,Fin Closed,,,,221-0200,3,C:\Scripts\keyedin-capture\reports\cost_detail\cost_detail_batch_001.html
1000.1,77950,"NAGLE SIGNS, INC.","Waterloo, IA",282.35,107.33,196.42,0.0,0.0,586.1,,,273.0,-313.1,-114.69,PLCUT,,,,2007-05-31,Fin Closed,,TM - Time & Materials,"@panforming / Furnish (3) 24 1/2"" X 36"", .118"" Clear Panformed Lexan Faces, 2"" Flange With Standard PAn",,3,C:\Scripts\keyedin-capture\reports\cost_detail\cost_detail_batch_001.html
10000.1,5753,ANNA DOLCE RISTORANTE,"WEST DES MOINES, IA",735.82,1067.41,1402.82,225.0,0.0,3431.05,5521.97,,5521.97,2090.92,37.87,CHANNL,IA77O7,Adam Fasselius,30662,2020-12-31,Fin Closed,CLLIT,,@30662 / SOUTH ELEVATION: Fabricate and install set of remote flush mounted LED illuminated channel letters. Reference Eagle sketch 1020-30662-01.,,3,C:\Scripts\keyedin-capture\reports\cost_detail\cost_detail_batch_001.html
10000.2,5753,ANNA DOLCE RISTORANTE,"WEST DES MOINES, IA",737.4,1017.25,1205.93,225.0,0.0,3185.58,5245.87,,5245.87,2060.29,39.27,CHANNL,IA77O7,Adam Fasselius,30663,2020-12-31,Fin Closed,CLLIT,,@30663 / EAST ELEVATION: Fabricate and install set of remote flush mounted LED illuminated channel letters. Reference Eagle sketch 1020-30663-01. (NOTE: 5% DISOUNT FOR THE SECOND IDENTICAL SET IF ORDERED AND INSTALLED AT THE SAME TIME AS THE FIRST SET).,,3,C:\Scripts\keyedin-capture\reports\cost_detail\cost_detail_batch_001.html
10000.3,5753,ANNA DOLCE RISTORANTE,"WEST DES MOINES, IA",0.0,31.5,29.3,0.0,0.0,60.8,135.0,,,,,PRMT,IA77O7,Adam Fasselius,30867,2020-12-31,Fin Closed,CLLIT,,@30867 / Staff time for permitting.,,3,C:\Scripts\keyedin-capture\reports\cost_detail\cost_detail_batch_001.html
10001.1,18600,CAT SCALE,"MERIDIAN, MS",37142.67,88.25,82.08,2650.0,0.0,39963.0,62135.0,,62135.0,22172.0,35.68,PYLON,IC,,30897,2020-12-16,Fin Closed,POLLIT,,@30897 / (4) LED 115mph/standard packages; (1) 5x20 sign; (1) intercom sign,,3,C:\Scripts\keyedin-capture\reports\cost_detail\cost_detail_batch_001.html
10002.1,18600,CAT SCALE,"KANSAS CITY, MO",14669.02,5102.32,4745.36,2100.0,1243.2,27859.9,49323.0,,49323.0,21463.1,43.52,PYLON,MOKSCU,Adam Fasselius,30648,2021-02-22,Fin Closed,POLLIT,,"@30648 / Fabricate Canopy, four sided - (2) 5´ 4 1/2"" x 20´ single face Small A-frame cabinets on front and back (front and back to have custom CAT graphics), with yellow color flex faces, internal LED illumination; (2) 5´ 4 1/2"" x 10´ x .080 panels on aluminum square tube frames mounted on both ends of canopy, non-illuminated, painted to match CAT Scale Yellow; mounted on (2) poles; support steel structure with drainage system and .080 soffit (black on underside and white on top); wire mesh over top; (6) LED lights installed on underside of canopy. MO Use Tax on materials is included in our price. (engineering, installation, permits and shipping are not included)",,3,C:\Scripts\keyedin-capture\reports\cost_detail\cost_detail_batch_001.html
10002.2,18600,CAT SCALE,"KANSAS CITY, MO",0.0,120.13,111.72,4000.0,0.0,4231.85,5308.36,,5308.36,1076.51,20.28,INSTL,MOKSCU,Adam Fasselius,30726,2021-02-22,Fin Closed,POLLIT,,@30726 / canopy installation; anchor bolts set by CAT Scale,,3,C:\Scripts\keyedin-capture\reports\cost_detail\cost_detail_batch_001.html
10002.3,18600,CAT SCALE,"KANSAS CITY, MO",0.0,9.75,9.07,0.0,0.0,18.82,1506.0,,1506.0,1487.18,98.75,PYLON,MOKSCU,,31296,2021-02-22,Fin Closed,POLLIT,,@31296 / (1) Intercom Sign,,3,C:\Scripts\keyedin-capture\reports\cost_detail\cost_detail_batch_001.html
10003.1,77950,"NAGLE SIGNS, INC.","MARSHALLTOWN, IA",0.0,121.88,226.7,0.0,0.0,348.58,,,390.0,41.42,10.62,MISC,RESALE,,,2021-01-14,Fin Closed,,TM - Time & Materials,"@tm / Install "" Golden Arches"" faces in the pole sign.",,3,C:\Scripts\keyedin-capture\reports\cost_detail\cost_detail_batch_001.html
10004.1,5162,JOHNSTON DENTAL,"JOHNSTON, IA",845.4,84.38,152.58,0.0,0.0,1082.36,2926.32,,2926.32,1843.96,63.01,MISC,IA77O7,Adam Fasselius,30754,2021-01-11,Fin Closed,LED,,@30754 / Remove (6) existing 400w M%5CH fixtures and install with new LED fixtures.,,3,C:\Scripts\keyedin-capture\reports\cost_detail\cost_detail_batch_001.html
10005.1,5756,"ANDERSON FINANCIAL, L.L.C.","DES MOINES, IA",2021.54,225.76,389.93,0.0,0.0,2637.23,3420.74,,3420.74,783.51,22.9,INT,IA77O7,Adam Fasselius,30767,2020-12-31,Fin Closed,GEMINI,,"@30767 / INTERIOR SIGN: Furnish and install non-lit fabricated letters with a polished gold finish on the faces and returns. Letters to be 2"" deep and flush mounted. The watermark part logo on the wall is flat vinyl applied before the letters.",,3,C:\Scripts\keyedin-capture\reports\cost_detail\cost_detail_batch_001.html
10006.1,5622,"LOVING CUP, LLC- DBA: SCOOTER'S COFFEE","URBANDALE, IA",642.98,729.76,1092.5,0.0,0.0,2465.24,3665.61,,3665.61,1200.37,32.75,REPFCE,IA77O7,Adam Fasselius,30790,2020-12-30,Fin Closed,OTHER,,"@30790 / Remove and properly dispose of current ""White Blank"" and ""Storage Plex"" tenant panels from double sided illuminated tenant directory monument sign. Fabricate and install (2) new ""Scooter´s Coffee"" tenant panels. Reference Eagle sketch 1120-30790-00 for details.",,3,C:\Scripts\keyedin-capture\reports\cost_detail\cost_detail_batch_001.html
10006.2,5622,"LOVING CUP, LLC- DBA: SCOOTER'S COFFEE","URBANDALE, IA",0.0,21.0,19.53,0.0,0.0,40.53,135.0,,,,,PRMT,IA77O7,Adam Fasselius,30907,2020-12-30,Fin Closed,MONDF,,@30907 / Staff time for permitting.,,3,C:\Scripts\keyedin-capture\reports\cost_detail\cost_detail_batch_001.html
10008.1,5757,PARK RIDGE APARTMENTS,"DES MOINES, IA",2821.6,242.14,410.73,0.0,0.0,3474.47,5916.47,,5916.47,2442.0,41.27,AWNING,IA77O7,Adam Fasselius,30579,2021-03-18,Fin Closed,AWNNON,,@30579 / Remove (4) awning frames and bring them to the Eagle shop and recover with Sunbrella Brown fabric 6086-0000. Re-install awning frames. No copy on awnings.,,3,C:\Scripts\keyedin-capture\reports\cost_detail\cost_detail_batch_001.html
10008.2,5757,PARK RIDGE APARTMENTS,"DES MOINES, IA",0.0,106.13,162.68,0.0,0.0,268.81,135.0,,,,,PRMT,IA77O7,Adam Fasselius,30745,2021-02-25,Fin Closed,AWNNON,,@30745 / Staff time for permitting.,,3,C:\Scripts\keyedin-capture\reports\cost_detail\cost_detail_batch_001.html
10008.3,5757,PARK RIDGE APARTMENTS,"DES MOINES, IA",30.24,315.25,293.18,0.0,0.0,638.67,670.26,,670.26,31.59,4.71,AWNING,IA77O7,Adam Fasselius,30832,2021-02-25,Fin Closed,AWNREC,,"@30832 / While awning frames are still in Eagle shop, hand paint copy with primer and top coat ""A, B, C, D. Reference Eagle sketch 1120-30832-01.",,3,C:\Scripts\keyedin-capture\reports\cost_detail\cost_detail_batch_001.html
10008.4,5757,PARK RIDGE APARTMENTS,"DES MOINES, IA",0.0,272.26,498.75,0.0,0.0,771.01,,,1329.0,557.99,41.99,AWNING,IA77O7,,,2021-02-25,Fin Closed,,TM - Time & Materials,"@tm / Recover small awning frame on the south side of building D withpainted letter ""D"".",,3,C:\Scripts\keyedin-capture\reports\cost_detail\cost_detail_batch_001.html
10009.1,4542,R & D ENGINEERING,"EARLHAM, IA",0.0,15.75,14.65,0.0,0.0,30.4,135.0,,,,,PRMT,IA61,Adam Fasselius,28525,2021-06-23,Fin Closed,MONDF,,@28525 / Staff time for permitting.,,3,C:\Scripts\keyedin-capture\reports\cost_detail\cost_detail_batch_001.html
10009.2,4542,R & D ENGINEERING,"EARLHAM, IA",0.0,0.0,0.0,2080.0,0.0,2080.0,2689.16,,2689.16,609.16,22.65,MONMNT,IA61,Adam Fasselius,28679,2021-06-23,Fin Closed,MONDF,,@28679 / Furnish and install footing and concrete pad. Price includes hauling away spoils.,,3,C:\Scripts\keyedin-capture\reports\cost_detail\cost_detail_batch_001.html
10009.3,4542,R & D ENGINEERING,"EARLHAM, IA",0.0,0.0,0.0,0.0,0.0,0.0,2336.36,,2336.36,2336.36,100.0,MONMNT,IA61,Adam Fasselius,30444,2021-06-23,Fin Closed,MONDF,,@30444 / Furnish and install Centurion stone veneer and capstone.,,3,C:\Scripts\keyedin-capture\reports\cost_detail\cost_detail_batch_001.html
10009.4,4542,R & D ENGINEERING,"EARLHAM, IA",14328.26,759.44,1204.21,0.0,0.0,16291.91,19532.41,,19532.41,3240.5,16.59,MONMNT,IA61,Adam Fasselius,30486,2021-06-23,Fin Closed,MONDF,,@30486 / Furnish and install double sided cabinet frame with Nichiha siding. Halo lit polished stainless steel letters. Black aluminum drip cap on top. Steel support tubes direct buried into footing. Power to sign by others.,,3,C:\Scripts\keyedin-capture\reports\cost_detail\cost_detail_batch_001.html
1001.1,77950,"NAGLE SIGNS, INC.","Waterloo, IA",177.02,77.64,142.08,0.0,0.0,396.74,,,490.5,93.76,19.12,PLCUT,,,,2007-05-31,Fin Closed,,TM - Time & Materials,"@panforming / Furnish (1) 71 5/8"" X 71 1/8"" .150 Clear Lexan Panformed Face. Standard Pan and Flange",,3,C:\Scripts\keyedin-capture\reports\cost_detail\cost_detail_batch_001.html
10010.1,3178,SOUTH WATER SIGNS,"URBANDALE, IA",0.0,168.25,312.72,0.0,0.0,480.97,325.0,,625.0,144.03,23.04,INSTL,IA77O7,Adam Fasselius,30728,2020-12-15,Fin Closed,ILLUM,,"@30728 / Receive, Inspect and Install Light Box on interior of window - plug directly into an outlet. No removal.",,3,C:\Scripts\keyedin-capture\reports\cost_detail\cost_detail_batch_001.html
10011.1,77950,"NAGLE SIGNS, INC.","MARSHALLTOWN, IA",0.0,0.0,0.0,0.0,0.0,0.0,,,,,,SRVCE,RESALE,,,2020-12-23,Fin Closed,,TM - Time & Materials,"@SERVICE / Service logo sign on pole sign. Customer reports it is on and off intermittently and does not look to be the breaker. Even when it is on, he thinks it is not fully lit. WORK ORDER 10011.1 HAS NO HISTORY",,3,C:\Scripts\keyedin-capture\reports\cost_detail\cost_detail_batch_001.html
10011.2,77950,"NAGLE SIGNS, INC.","MARSHALLTOWN, IA",0.0,56.25,104.63,0.0,0.0,160.88,,,180.0,19.12,10.62,SRVCE,RESALE,,,2020-12-23,Fin Closed,,TM - Time & Materials,@LEDconversion / Convert the fluorescent lighting in sign to LEDs.,,3,C:\Scripts\keyedin-capture\reports\cost_detail\cost_detail_batch_001.html
10012.1,4068,"GRL PROPERTIES, LLC","WEST DES MOINES, IA",28.94,112.25,199.24,0.0,0.0,340.43,739.09,,739.09,398.66,53.94,SRVCE,IA77O7,Adam Fasselius,30900,2020-12-07,Fin Closed,DIRECT,,"@30900 / DOUBLE SIDED NON-LIT DIRECTIONAL SIGN: Reconnect the top cabinet to the bottom base using (4) new corrosion resistant anchor bolts. Remove vinyl graphic ""INTERIOR DESIGN GROUP"" and replace with blank black vinyl.",,3,C:\Scripts\keyedin-capture\reports\cost_detail\cost_detail_batch_001.html
10013.1,4725,KEMIN INDUSTRIES,"DES MOINES, IA",11.79,19.5,18.14,0.0,0.0,49.43,,,,,,MISC,IAUSTX,,,2021-01-13,Fin Closed,,TM - Time & Materials,"@tm / Provide customer with a 10"" x 10"" piece of .080 aluminum painted Brushed Aluminum with a satin finish, Joe will deliver tomorrow.",,3,C:\Scripts\keyedin-capture\reports\cost_detail\cost_detail_batch_001.html
10014.1,5659,CHOICE CREATIVE SOLUTIONS,"DES MOINES, IA",0.0,142.0,262.51,0.0,0.0,404.51,720.8,,360.4,-44.11,-12.24,INSTL,IA77O7,Adam Fasselius,30934,2021-10-20,Fin Closed,BANPRN,,"@30934 / Receive, install and removal (customer supplied) 24´ x 20´ banner to the Veterans Memorial Community Choice Credit Union Convention Center.",,3,C:\Scripts\keyedin-capture\reports\cost_detail\cost_detail_batch_001.html
10014.2,5659,CHOICE CREATIVE SOLUTIONS,"DES MOINES, IA",0.0,53.38,99.29,0.0,0.0,152.67,650.0,,360.4,207.73,57.64,INSTL,IA77O7,Adam Fasselius,30935,2021-11-16,Fin Closed,BANPRN,,@30935 / Staff time for permitting plus the cost of the permit.,,3,C:\Scripts\keyedin-capture\reports\cost_detail\cost_detail_batch_001.html
10015.1,5380,AVAILA BANK,"NEVADA, IA",55.0,65.13,115.66,0.0,0.0,235.79,203.42,,203.42,-32.37,-15.91,REPFCE,IA85,Adam Fasselius,30808,2020-12-21,Fin Closed,DIRECT,,@30808 / DOUBLE SIDED NON-LIT DIRECTIONAL SIGN: Furnish and apply new digital prints with updated graphics to cover existing bottom sections of (1) directional sign. Reference Eagle sketch 1120-30808-00.,,3,C:\Scripts\keyedin-capture\reports\cost_detail\cost_detail_batch_001.html
10015.2,5380,AVAILA BANK,"NEVADA, IA",808.17,98.64,138.5,0.0,0.0,1045.31,2449.44,,2449.44,1404.13,57.32,REPFCE,IA85,Adam Fasselius,30809,2020-12-21,Fin Closed,MONDF,,@30809 / DOUBLE SIDED ILLUMINATED MONUMENT SIGN: Furnish and install new replacement faces with digitally printed graphics. Reference Eagle sketch 1120-30809-00.,,3,C:\Scripts\keyedin-capture\reports\cost_detail\cost_detail_batch_001.html
10015.3,5380,AVAILA BANK,"NEVADA, IA",157.32,91.26,118.46,0.0,0.0,367.04,857.5,,857.5,490.46,57.2,DRCT,IA85,Adam Fasselius,30810,2020-12-21,Fin Closed,BLDILL,,@30810 / DRIVE THRU CANOPY SIGN: Furnish and install LED illuminated sign cabinet. Reference Eagle sketch 1120-30810-00.,,3,C:\Scripts\keyedin-capture\reports\cost_detail\cost_detail_batch_001.html
10015.4,5380,AVAILA BANK,"NEVADA, IA",9.61,37.63,55.92,0.0,0.0,103.16,200.51,,200.51,97.35,48.55,VINYL,IA85,Adam Fasselius,30811,2020-12-21,Fin Closed,VINYL,,@30811 / LOBBY HOURS: Furnish and apply first surface new business hours for the entrance window glass. Reference Eagle sketch 1120-30811-00.,,3,C:\Scripts\keyedin-capture\reports\cost_detail\cost_detail_batch_001.html
10015.5,5380,AVAILA BANK,"NEVADA, IA",1.92,7.5,6.98,0.0,0.0,16.4,77.38,,28.96,12.56,43.37,DRCT,IA85,Adam Fasselius,30841,2020-12-21,Fin Closed,DIRECT,,"@30841 / SINGLE SIDED NON-LIT DIRECTIONAL SIGN: Furnish and apply ""/ ITM"" white vinyl to existing face. Reference Eagle sketch 1120-30841-00.",,3,C:\Scripts\keyedin-capture\reports\cost_detail\cost_detail_batch_001.html
10015.6,5380,AVAILA BANK,"NEVADA, IA",7.57,33.88,48.95,0.0,0.0,90.4,192.81,,192.81,102.41,53.11,VINYL,IA85,Adam Fasselius,30843,2020-12-21,Fin Closed,VINYL,,@30843 / DRIVE THRU HOURS: Furnish and apply first surface business hours to drive thru window. Reference Eagle sketch 1120-30843-00.,,3,C:\Scripts\keyedin-capture\reports\cost_detail\cost_detail_batch_001.html
10015.7,5380,AVAILA BANK,"NEVADA, IA",0.0,15.75,14.65,0.0,0.0,30.4,135.0,,,,,PRMT,IA85,Adam Fasselius,30944,2020-12-21,Fin Closed,VINYL,,@30944 / Staff time for permitting.,,3,C:\Scripts\keyedin-capture\reports\cost_detail\cost_detail_batch_001.html
10016.1,18600,CAT SCALE,"WALCOTT, IA",1868.18,24.75,23.02,124.97,0.0,2040.92,6660.0,,6660.0,4619.08,69.36,REPFCE,IA82,,30949,2020-12-11,Fin Closed,POLLIT,,"@30949 / (20) Front intercom faces, (20) Rear intercom faces",,3,C:\Scripts\keyedin-capture\reports\cost_detail\cost_detail_batch_001.html
10018.1,4903,RACCOON VALLEY BANK,"ADEL, IA",537.3,37.5,69.75,0.0,0.0,644.55,1350.81,,1350.81,706.26,52.28,ELMSTT,IA25O7,Adam Fasselius,30422,2020-12-23,Fin Closed,POLLIT,,@30422 / Upgrade to 4G modem,,3,C:\Scripts\keyedin-capture\reports\cost_detail\cost_detail_batch_001.html
10019.1,18600,CAT SCALE,"MERIDIAN, MS",38794.04,96.13,89.41,2650.0,0.0,41629.58,12960.0,,64800.0,23170.42,35.76,PYLON,IC,,30951,2021-01-05,Fin Closed,POLLIT,,@30951 / (5) LED 115mph/standard packages,,3,C:\Scripts\keyedin-capture\reports\cost_detail\cost_detail_batch_001.html
1002.1,77950,"NAGLE SIGNS, INC.","Waterloo, IA",196.69,44.33,81.13,0.0,0.0,322.15,,,547.0,224.85,41.11,REPFCE,,,,2007-05-31,Fin Closed,,TM - Time & Materials,"@panforming / Furnish (2) 48 1/2"" X 48 1/2"", .150 CLear Lexan Faces With Standard PAn and 2"" Flange",,3,C:\Scripts\keyedin-capture\reports\cost_detail\cost_detail_batch_001.html
10020.1,4928,LIVING HISTORY FARMS,"URBANDALE, IA",537.3,37.5,68.63,0.0,0.0,643.43,1294.52,,1294.52,651.09,50.3,ELMSTT,GOVT,Adam Fasselius,30421,2020-12-23,Fin Closed,POLLIT,,@30421 / Upgrade to 4G modem,,3,C:\Scripts\keyedin-capture\reports\cost_detail\cost_detail_batch_001.html
10021.1,5761,PHARM FOOD GROUP,"COLFAX, IA",3.8,53.64,98.67,0.0,0.0,156.11,289.72,,289.72,133.61,46.12,INSTL,IA50,,30706,2021-02-28,Fin Closed,GEMINI,,"@30706 / Remove and Dispose two Logos, BENZER lettering and registration mark from front of building. Pharmacy lettering stays as is.",,3,C:\Scripts\keyedin-capture\reports\cost_detail\cost_detail_batch_001.html
10021.2,5761,PHARM FOOD GROUP,"COLFAX, IA",0.0,216.38,348.44,0.0,0.0,564.82,698.08,,698.08,133.26,19.09,INSTL,IA50,Adam Fasselius,30707,2021-02-28,Fin Closed,GEMINI,,"@30707 / Remove word ""PHARMACY"" - bring back to eagle sign shop and layout to create pattern - take back to colfax site and install ""PHARMACY"" centered on building using new pattern. NOTE: Eagle Sign Co. not responsible for any broken pieces that occur during removal. Replacement pieces are additional fee.",,3,C:\Scripts\keyedin-capture\reports\cost_detail\cost_detail_batch_001.html
10021.3,5761,PHARM FOOD GROUP,"COLFAX, IA",119.26,174.01,270.68,0.0,0.0,563.95,383.89,,383.89,-180.06,-46.9,BLDG,IA50,Adam Fasselius,30708,2021-02-28,Fin Closed,OTHER,,"@30708 / Remove and Dispose existing D/F ACM Sign Panel - Fabricate and Install new DF ACM Sign panel with wording - ""PHARMACY"" in orange with Black Arrow and Drive Thru",,3,C:\Scripts\keyedin-capture\reports\cost_detail\cost_detail_batch_001.html
10021.4,5761,PHARM FOOD GROUP,"COLFAX, IA",468.99,148.63,138.23,0.0,0.0,755.85,1647.36,,1647.36,891.51,54.12,AWNING,IA50,Adam Fasselius,30709,2021-02-28,Fin Closed,AWNNON,,"@30709 / Remove existing non-lit awning and bring back to Eagle Sign Shop - remove cover, replace with black cooley-brite fabric and copy that reads PHARMACY in orange vinyl - fix mirror so that it won´t poke through awning cover - take back to Colfax and install",,3,C:\Scripts\keyedin-capture\reports\cost_detail\cost_detail_batch_001.html
10021.5,5761,PHARM FOOD GROUP,"COLFAX, IA",1.93,0.0,0.0,0.0,0.0,1.93,94.58,,94.58,92.65,97.96,VINYL,IA50,Adam Fasselius,30710,2021-02-28,Fin Closed,VINYL,,"@30710 / Furnish and Install white vinyl 1st surface on entry door - ""Colfax Pharmacy""",,3,C:\Scripts\keyedin-capture\reports\cost_detail\cost_detail_batch_001.html
10021.6,5761,PHARM FOOD GROUP,"COLFAX, IA",0.0,10.5,9.77,0.0,0.0,20.27,135.0,,,,,PRMT,IA50,Adam Fasselius,30762,2021-02-28,Fin Closed,AWNNON,,@30762 / Staff time for the procurement of permitting - NOTE: permit cost will be on final invoice,,3,C:\Scripts\keyedin-capture\reports\cost_detail\cost_detail_batch_001.html
10022.2,5563,WILLHAM & FOSTER ORTHODONTICS,"DES MOINES, IA",619.09,197.0,363.15,0.0,0.0,1179.24,1451.05,,1451.05,271.81,18.73,RTLT,IA77O7,Adam Fasselius,30889,2021-02-19,Fin Closed,GEMINI,,"@30889 / Remove top row of letters (Willham Orthodontics PC), fill with clear silicone (no wall repair or repainting). Fabricate and install (1) set of 3"" tall 1/4"" thick aluminum painted routed letters Willham & Foster Orthodontics, PC; fabricate and install (1) set of 1/4"" thick aluminum painted routed letters 3"" tall, Austin P. Foster, DDS, MS; painted black, stud mount",,3,C:\Scripts\keyedin-capture\reports\cost_detail\cost_detail_batch_001.html
10022.3,5563,WILLHAM & FOSTER ORTHODONTICS,"DES MOINES, IA",425.98,297.94,371.9,0.0,0.0,1095.82,2062.85,,2062.85,967.03,46.88,REPFCE,IA77O7,Adam Fasselius,30888,2021-02-19,Fin Closed,MONDF,,"@30888 / Fabricate and install (2) 23""x132""x.080"" unpainted, mill-finish aluminum panel with 2"" aluminum back frame, Black vinyl; south side, Willham & Foster Orthodontics, PC [over] Oral Surgeons, PC [reverse top and bottom lines on north elevation; panel install over existing letters with 1"" standoffs",,3,C:\Scripts\keyedin-capture\reports\cost_detail\cost_detail_batch_001.html
10022.4,5563,WILLHAM & FOSTER ORTHODONTICS,"DES MOINES, IA",0.0,31.5,29.3,0.0,0.0,60.8,135.0,,,,,MONMNT,IA77O7,,30950,2021-02-19,Fin Closed,MONDF,,@30950 / permit acquisition fee,,3,C:\Scripts\keyedin-capture\reports\cost_detail\cost_detail_batch_001.html
10023.1,5176,ALLEN INDUSTRIES - HARMON SIGN DIVISION,"DES MOINES, IA",0.0,131.0,223.12,0.0,0.0,354.12,250.0,,250.0,-104.12,-41.65,SURVEY,RESALE,Adam Fasselius,28792,2021-02-23,Fin Closed,CLLIT,,@28792 / Site Survey,,3,C:\Scripts\keyedin-capture\reports\cost_detail\cost_detail_batch_001.html
10023.2,5176,ALLEN INDUSTRIES - HARMON SIGN DIVISION,"DES MOINES, IA",0.0,152.63,283.9,0.0,0.0,436.53,596.59,,596.59,160.06,26.83,INSTL,RESALE,Adam Fasselius,28785,2021-02-23,Fin Closed,CLLIT,,"@28785 / Remove and Dispose (1) existing LOGO and Channel Letters ""RAMADA"". No patching/painting included.",,3,C:\Scripts\keyedin-capture\reports\cost_detail\cost_detail_batch_001.html
10023.3,5176,ALLEN INDUSTRIES - HARMON SIGN DIVISION,"DES MOINES, IA",0.0,341.5,632.53,0.0,0.0,974.03,963.18,,963.18,-10.85,-1.13,INSTL,RESALE,Adam Fasselius,28786,2021-02-28,Fin Closed,CLLIT,,"@28786 / Receive, Inspect and Install (1) set of Channel Letters on Raceways - Total Dimensions: 3' 10 3/4"" H X 13' 7 1/8"" W - ""RAMADA BY WYNDHAM""",,3,C:\Scripts\keyedin-capture\reports\cost_detail\cost_detail_batch_001.html
10023.4,5176,ALLEN INDUSTRIES - HARMON SIGN DIVISION,"DES MOINES, IA",0.0,28.25,42.79,0.0,0.0,71.04,135.0,,135.0,63.96,47.38,PRMT,RESALE,Adam Fasselius,28787,2021-02-23,Fin Closed,CLLIT,,@28787 / Staff time for the procurement of permitting - NOTE: Permit cost will be on Final Invoice,,3,C:\Scripts\keyedin-capture\reports\cost_detail\cost_detail_batch_001.html
10023.5,5176,ALLEN INDUSTRIES - HARMON SIGN DIVISION,"DES MOINES, IA",3.8,34.0,63.24,0.0,0.0,101.04,252.47,,252.47,151.43,59.98,INSTL,RESALE,Adam Fasselius,29147,2021-02-23,Fin Closed,CLLIT,,@29147 / Remove just the LOGO and leave channel letters on opposite side - No patching/painting included. Price assumes this removal done on same trip as other removals.,,3,C:\Scripts\keyedin-capture\reports\cost_detail\cost_detail_batch_001.html
10023.6,5176,ALLEN INDUSTRIES - HARMON SIGN DIVISION,"DES MOINES, IA",0.0,72.25,133.88,0.0,0.0,206.13,888.88,,,,,CHANNL,RESALE,Adam Fasselius,29194,2022-10-27,Fin Closed,CLLIT,,"@29194 / Remove Raceway with Channel Letters ""RAMADA"" and Re-Install Centered in same area",,3,C:\Scripts\keyedin-capture\reports\cost_detail\cost_detail_batch_001.html
10024.2,5763,CHRISTIAN LIFE ASSEMBLY OF GOD,"NORWALK, IA",0.0,48.5,45.11,0.0,0.0,93.61,135.0,,,,,PRMT,IA77O7,Adam Fasselius,30369,2022-08-17,Fin Closed,MONSF,,@30369 / Staff time for the procurement of permitting - NOTE: Permit cost will be on Final Invoice,,3,C:\Scripts\keyedin-capture\reports\cost_detail\cost_detail_batch_001.html
10024.3,5763,CHRISTIAN LIFE ASSEMBLY OF GOD,"NORWALK, IA",0.0,33.19,30.87,0.0,0.0,64.06,19609.03,,,,,MONMNT,IA77O7,Adam Fasselius,32560,2022-05-31,Fin Closed,MONDF,,"@32560 / Fabricate and Install SF Cabinet on top of 2´ H Concrete Base - Cabinet painted SW7068(grizzle gray) with stainless stand off letters halo lit - 1/4"" thick Corten Steel Side piece with Stainless Stand off Logo halo lit - - dig and pour footing with pad 3"" above grade - (75 SQ FT max)",,3,C:\Scripts\keyedin-capture\reports\cost_detail\cost_detail_batch_001.html
10024.4,5763,CHRISTIAN LIFE ASSEMBLY OF GOD,"NORWALK, IA",8846.43,965.39,1065.64,4486.0,0.0,15363.46,22371.63,,22371.63,7008.17,31.33,MONMNT,IA77O7,Adam Fasselius,33777,2022-08-17,Fin Closed,MONDF,,"@33777 / Fabricate and Install SF Cabinet on top of 2´ H Concrete Base - Cabinet painted SW7068(grizzle gray) with stainless stand off letters halo lit - 1/4"" thick Corten Steel Side piece with individual Stainless Stand off strip Logo halo lit - - dig and pour footing with pad 3"" above grade - (75 SQ FT max)",,3,C:\Scripts\keyedin-capture\reports\cost_detail\cost_detail_batch_001.html
10025.1,4918,GARLING CONSTRUCTION,"ANKENY, IA",103.6,130.01,172.27,0.0,0.0,405.88,,,781.05,375.17,48.03,MISC,IA77OP,,,2021-01-08,Fin Closed,,TM - Time & Materials,"@tm / Route and paint Address number ""109"" Paint white and install on Tuesday 12/15/20",,3,C:\Scripts\keyedin-capture\reports\cost_detail\cost_detail_batch_001.html
10026.1,18600,CAT SCALE,"MERIDIAN, MS",38794.04,73.01,67.9,2650.0,0.0,41584.95,12960.0,,64800.0,23215.05,35.83,PYLON,IC,,30985,2021-01-13,Fin Closed,POLLIT,,@30985 / (5) LED 115mph/standard packages,,3,C:\Scripts\keyedin-capture\reports\cost_detail\cost_detail_batch_001.html
10027.1,5764,T & M SERVICES,"WEST DES MOINES, IA",7.6,159.75,294.76,0.0,0.0,462.11,1036.88,,1036.88,574.77,55.43,CHANNL,IA77O7,Adam Fasselius,30904,2021-01-20,Fin Closed,CLLIT,,"@30904 / South Elevation: Remove and Dispose existing channel letters - ""SAMMONS FINANCIAL GROUP"" Caulk holes in wall.",,3,C:\Scripts\keyedin-capture\reports\cost_detail\cost_detail_batch_001.html
10027.2,5764,T & M SERVICES,"WEST DES MOINES, IA",3.8,0.0,0.0,0.0,0.0,3.8,818.55,,818.55,814.75,99.54,CHANNL,IA77O7,Adam Fasselius,30905,2021-01-20,Fin Closed,CLLIT,,"@30905 / North Elevation: Remove and Dispose existing channel letters - ""SAMMONS FINANCIAL GROUP"" Caulk holes in wall.",,3,C:\Scripts\keyedin-capture\reports\cost_detail\cost_detail_batch_001.html
10028.1,5608,HENRY J'S TACOS,"DES MOINES, IA",14.3,75.13,76.85,0.0,0.0,166.28,196.66,,196.66,30.38,15.45,VINYL,IA77O7,Adam Fasselius,30854,2021-01-13,Fin Closed,VINYL,,"@30854 / Furnish and apply first surface white vinyl business name, business hours along with the address on entrance door glass. Reference Eagle sketch 1120-30854-01.",,3,C:\Scripts\keyedin-capture\reports\cost_detail\cost_detail_batch_001.html
10028.2,5608,HENRY J'S TACOS,"DES MOINES, IA",128.17,17.5,23.26,0.0,0.0,168.93,295.33,,295.33,126.4,42.8,VINYL,IA77O7,Adam Fasselius,30855,2021-01-13,Fin Closed,VINYL,,@30855 / Furnish and apply first surface white vinyl business name and logo on window glass. Reference Eagle sketch 1120-30855-01.,,3,C:\Scripts\keyedin-capture\reports\cost_detail\cost_detail_batch_001.html
10029.1,18600,CAT SCALE,"DYERSBURG, TN",859.73,4.88,4.54,0.0,0.0,869.15,1506.0,,1506.0,636.85,42.29,PYLON,IC,,30988,2020-12-17,Fin Closed,POLLIT,,@30988 / (1) Intercom Sign,,3,C:\Scripts\keyedin-capture\reports\cost_detail\cost_detail_batch_001.html
1003.1,2101,SALAD CREATIONS,"PALM BEACH GARDENS, FL",976.26,479.08,876.72,4149.36,0.0,6481.42,,,8184.0,1702.58,20.8,CHANNL,IC,,1000,2007-09-25,Fin Closed,,,"@1000 / Fabricate, Ship and Install, per Eagle Sign drawing #704040C2, Salad Creations 20 face lit channel letters. .050 backs and .040 aluminum returns 5 deep painted to match BM Peale Green HC-121; white plex faces and white trim cap; illuminated w/ 15mm white neon.$3,236.00 = fabrication priceInstall$4,598.00 = install price ($200.00 est permit; included in price, do not bill extra at invoice)Issue PO to installer: $2,099.00, installation; $269.00 Time Clock; $150.00, engineering; $1,000.00 permit feesprice includes engineering, time clock, permit and permit feesfreight:$350.00ship to installer",,3,C:\Scripts\keyedin-capture\reports\cost_detail\cost_detail_batch_001.html
10030.1,18600,CAT SCALE,"CORPUS CHRISTI, TX",859.73,4.88,4.54,0.0,0.0,869.15,1506.0,,1764.33,895.18,50.74,PYLON,TXCORP,,30989,2020-12-17,Fin Closed,POLLIT,,@30989 / (1) Intercom Sign,,3,C:\Scripts\keyedin-capture\reports\cost_detail\cost_detail_batch_001.html
10031.1,4170,KNAPP PROPERTIES,"WEST DES MOINES, IA",561.64,262.51,302.73,22.98,0.0,1149.86,2452.51,,2452.51,1302.65,53.11,DRCT,IA25O7,Adam Fasselius,30926,2021-04-19,Fin Closed,DIRECT,,"@30926 / Entrance off S 68th St - Dig and pour footers for poles - Fabricate and Install (to cover electrical box) non-illuminated single-faced Post and Panel sign with a printed vinyl site map that includes building numbers 1000, 2000, 3000, 4000, 5000 and 6000 - include two roads South 68th St and Stagecoach Drive - NOTE: max sign area (35) Square Feet - Max height (8´) above grade - height of exposed post shall not be more than (3´) or one-quarter (1/4) of the total height of sign - whichever is more restrictive - three dimensional copy is not required -",,3,C:\Scripts\keyedin-capture\reports\cost_detail\cost_detail_batch_001.html
10031.2,4170,KNAPP PROPERTIES,"WEST DES MOINES, IA",562.64,345.26,483.39,22.99,0.0,1414.28,2452.51,,2452.51,1038.23,42.33,DRCT,IA25O7,Adam Fasselius,30927,2021-04-19,Fin Closed,DIRECT,,"@30927 / Entrance off Stagecoach Drive - Dig and pour footers for poles - Fabricate and Install (to cover electrical box) non-illuminated single-faced Post and Panel sign with a printed vinyl site map that includes building numbers 1000, 2000, 3000, 4000, 5000 and 6000 - include two roads South 68th St and Stagecoach Drive - NOTE: max sign area (35) Square Feet - Max height (8´) above grade - height of exposed post shall not be more than (3´) or one-quarter (1/4) of the total height of sign - whichever is more restrictive - three dimensional copy is not required -",,3,C:\Scripts\keyedin-capture\reports\cost_detail\cost_detail_batch_001.html
10032.1,18600,CAT SCALE,"LUBBOCK, TX",5.14,40.25,37.43,0.0,0.0,82.82,,,156.2,73.38,46.98,VINYL,TXLUBB,,30999,2021-01-08,Fin Closed,VINYL,,"@30999 / Fabricate and ship (1) set of ENTER and DO NOT ENTER vinyl, and placement details",,3,C:\Scripts\keyedin-capture\reports\cost_detail\cost_detail_batch_001.html
10033.1,4453,SYVERSON STREGE AND COMPANY,"WEST DES MOINES, IA",45.7,15.0,13.95,0.0,0.0,74.65,334.97,,334.97,260.32,77.71,GRAPHC,IA77O7,Adam Fasselius,30970,2020-12-30,Fin Closed,DIRECT,,"@30970 / Furnish and install ""SYVERSON STREGE"" overlay on (2) current ""TRANSITION POINT"" and ""CHARITABLE GIVING"" 18""H X 12""W parking sign panels. Panels will be removed for 1 day and brought to the Eagle shop due to outside temperatures.",,3,C:\Scripts\keyedin-capture\reports\cost_detail\cost_detail_batch_001.html
10034.1,5766,GRIMES CHIROPRACTIC,"GRIMES, IA",493.36,810.01,933.14,87.5,0.0,2324.01,3118.43,,3118.43,794.42,25.47,CHANNL,IA77O7,Adam Fasselius,30958,2021-02-05,Fin Closed,CLLIT,,"@30958 / CHANNEL LETTERS: Fabricate and install new set of LED illuminated channel letters on painted raceway ""Grimes"" using a standard vinyl color. Relocate the existing ""Chiropractic"" letters so the entire sign has a horizontal layout centered on the sign band EIFS. NOTE: There will be penetration holes and discoloring of the EIFS where the old signs were removed and relocated. Eagle will fill penetration holes with silicone. No patching or painting is included in this price. Reference Eagle sketch 1220-30958-01.",,3,C:\Scripts\keyedin-capture\reports\cost_detail\cost_detail_batch_001.html
10034.2,5766,GRIMES CHIROPRACTIC,"GRIMES, IA",118.39,72.75,67.66,0.0,0.0,258.8,431.12,,431.12,172.32,39.97,MONMNT,IA77O7,Adam Fasselius,30959,2021-02-05,Fin Closed,MONDF,,"@30959 / TENANT PANELS: Fabricate and install (2) new white polycarbonate tenant panels with the copy ""GRIMES CHIROPRACTIC"" using a standard vinyl color. Reference Eagle sketch 1220-30959-00.",,3,C:\Scripts\keyedin-capture\reports\cost_detail\cost_detail_batch_001.html
10034.3,5766,GRIMES CHIROPRACTIC,"GRIMES, IA",222.46,80.63,74.99,0.0,0.0,378.08,987.3,,987.3,609.22,61.71,VINYL,IA77O7,Adam Fasselius,30995,2021-02-05,Fin Closed,VINYL,,"@30995 / PERFORATED VINYL: Furnish and apply second surface perforated white vinyl across the top transom windows ""GRIMES CHIROPRACTIC"" Reference Eagle sketch 1220-30995-00.",,3,C:\Scripts\keyedin-capture\reports\cost_detail\cost_detail_batch_001.html
10034.4,5766,GRIMES CHIROPRACTIC,"GRIMES, IA",0.0,46.25,43.01,0.0,0.0,89.26,488.16,,,,,SRVCE,IA77O7,Adam Fasselius,30997,2021-02-05,Fin Closed,CLLIT,,"@30997 / REMOVALS: Remove and properly dispose of ""Lifestream"" channel letters on a raceway. The ""Chiropractic"" channel letters on a raceway remain. Remove (2) existing blank white polycarbonate tenant panels and leave with tenant. Remove second surface vinyl from transom windows.",,3,C:\Scripts\keyedin-capture\reports\cost_detail\cost_detail_batch_001.html
10034.5,5766,GRIMES CHIROPRACTIC,"GRIMES, IA",0.0,10.5,9.77,0.0,0.0,20.27,135.0,,,,,PRMT,IA77O7,Adam Fasselius,30998,2021-02-05,Fin Closed,CLLIT,,@30998 / Staff time for permitting.,,3,C:\Scripts\keyedin-capture\reports\cost_detail\cost_detail_batch_001.html
10034.6,5766,GRIMES CHIROPRACTIC,"GRIMES, IA",9.49,25.13,37.32,0.0,0.0,71.94,140.65,,140.65,68.71,48.85,VINYL,IA77O7,Adam Fasselius,31033,2021-02-05,Fin Closed,VINYL,,@31033 / Furnish and install white first surface business logo and hours on door glass. Reference Eagle sketch 1220-31033-01. Temperatures must be in the 40´s to install.,,3,C:\Scripts\keyedin-capture\reports\cost_detail\cost_detail_batch_001.html
10034.7,5766,GRIMES CHIROPRACTIC,"GRIMES, IA",498.66,356.38,331.44,112.5,0.0,1298.98,3060.49,,3060.49,1761.51,57.56,CHANNL,IA77O7,Adam Fasselius,31042,2021-02-05,Fin Closed,CLLIT,,"@31042 / Fabricate and install a new set of LED illuminated ""Chiropractic"" letters on raceway. Red faces, black trim cap and black returns. Reference Eagle sketch 0121-31042-00.",,3,C:\Scripts\keyedin-capture\reports\cost_detail\cost_detail_batch_001.html
10034.8,5766,GRIMES CHIROPRACTIC,"GRIMES, IA",0.0,50.88,94.64,0.0,0.0,145.52,,,,,,VINYL,IA77O7,,,2021-02-23,Fin Closed,,TM - Time & Materials,@vinyl / miscellaneous time for removal and install of perf vinyl previously billed.,,3,C:\Scripts\keyedin-capture\reports\cost_detail\cost_detail_batch_001.html
10035.1,5767,VETERINARY MEDICAL ASSOCIATES,"PERRY, IA",0.0,43.25,79.64,0.0,0.0,122.89,325.0,,325.0,202.11,62.19,SURVEY,IA25O7,Adam Fasselius,31000,2021-01-12,Fin Closed,POLLIT,,@31000 / Survey Sign - pole sign was hit by a car and has some damage - need sizes for faces/cabinets and information for what needs to be done to fix,,3,C:\Scripts\keyedin-capture\reports\cost_detail\cost_detail_batch_001.html
10036.1,2535,ATLAS SIGN INDUSTRIES,"JOHNSTON, IA",0.0,62.13,114.22,0.0,0.0,176.35,250.0,,250.0,73.65,29.46,SURVEY,RESALE,Adam Fasselius,31002,2021-01-05,Fin Closed,MONDF,,"@31002 / Site Survey - Need photos of existing signs, ground sign panels and interior office space for wall sign/FCOs",,3,C:\Scripts\keyedin-capture\reports\cost_detail\cost_detail_batch_001.html
10037.1,18600,CAT SCALE,"WALCOTT, IA",1958.06,273.0,253.9,0.0,0.0,2484.96,,,6974.0,4489.04,64.37,MISC,IA77O7,,,2020-12-30,Fin Closed,,TM - Time & Materials,@tm / Provide (2) sets of 5x20 sign faces. Ship to Walcott.,,3,C:\Scripts\keyedin-capture\reports\cost_detail\cost_detail_batch_001.html
10038.1,18600,CAT SCALE,"WALCOTT, IA",977.59,397.14,369.38,0.0,0.0,1744.11,,,2762.65,1018.54,36.87,PYLON,IA77O7,,31025,2021-01-18,Fin Closed,POLLIT,,@31025 / (10) Sets of bottom c-covers (6 pieces ea),,3,C:\Scripts\keyedin-capture\reports\cost_detail\cost_detail_batch_001.html
10038.2,18600,CAT SCALE,"WALCOTT, IA",13416.54,263.13,244.74,0.0,0.0,13924.41,1865.37,,18653.7,4729.29,25.35,PYLON,IA77O7,,31026,2021-01-18,Fin Closed,POLLIT,,"@31026 / (10) 5x20 LED conversion kits (5´ Hanley Concord 4500 LEDs [2´, 3´] sections´, 15´ wire whips, and power supplies). All misc screws, eyelets, wire nuts, bushings are included. All items items are packaged in a 12"" x 12"" x 5´ box. Speaker parts will also be packaged in box so one box will do one location. Shipping not included",,3,C:\Scripts\keyedin-capture\reports\cost_detail\cost_detail_batch_001.html
10038.3,18600,CAT SCALE,"WALCOTT, IA",1339.41,62.25,57.9,0.0,0.0,1459.56,217.35,,2173.5,713.94,32.85,PYLON,IA77O7,,31027,2021-01-18,Fin Closed,POLLIT,,"@31027 / (10) LED conversion kits for intercom sign (3´ Hanley Concord 4500 LEDs, power supplies, wire whips). Note these parts will be placed in same box as the parts for the 5 X 20 signs. Shipping not included",,3,C:\Scripts\keyedin-capture\reports\cost_detail\cost_detail_batch_001.html
10038.4,18600,CAT SCALE,"WALCOTT, IA",3379.52,13.5,12.56,0.0,0.0,3405.58,3065.0,,6130.0,2724.42,44.44,PYLON,IA77O7,,31028,2021-01-18,Fin Closed,POLLIT,,@31028 / (2) Sets of poles,,3,C:\Scripts\keyedin-capture\reports\cost_detail\cost_detail_batch_001.html
10038.5,18600,CAT SCALE,"WALCOTT, IA",859.73,8.63,8.03,0.0,0.0,876.39,1506.0,,1506.0,629.61,41.81,PYLON,IA77O7,,31029,2021-01-18,Fin Closed,POLLIT,,@31029 / (1) Intercom sign,,3,C:\Scripts\keyedin-capture\reports\cost_detail\cost_detail_batch_001.html
10039.1,5769,PRICE CHOPPER,"JOHNSTON, IA",3.8,362.75,673.68,0.0,0.0,1040.23,849.05,,849.05,-191.18,-22.52,INSTL,IA77O7,Adam Fasselius,30894,2021-03-09,Fin Closed,CLLIT,,"@30894 / Remove (1) Set of Channel Letters ""PRICE CHOPPER"" from South Elevation and leave at Site",,3,C:\Scripts\keyedin-capture\reports\cost_detail\cost_detail_batch_001.html
10039.2,5769,PRICE CHOPPER,"JOHNSTON, IA",3.8,0.0,0.0,0.0,0.0,3.8,1203.7,,1203.7,1199.9,99.68,INSTL,IA77O7,Adam Fasselius,30895,2021-03-09,Fin Closed,CLLIT,,"@30895 / Remove (1) Set of Channel Letters ""PRICE CHOPPER"" from East Elevation and leave at Site",,3,C:\Scripts\keyedin-capture\reports\cost_detail\cost_detail_batch_001.html
10039.3,5769,PRICE CHOPPER,"JOHNSTON, IA",0.0,0.0,0.0,0.0,0.0,0.0,202.11,,202.11,202.11,100.0,INSTL,IA77O7,Adam Fasselius,30919,2021-03-09,Fin Closed,MONSF,,@30919 / Flip panel in existing monument sign so that it no longer shows the Price Chopper name/logo,,3,C:\Scripts\keyedin-capture\reports\cost_detail\cost_detail_batch_001.html
10040.1,77950,"NAGLE SIGNS, INC.","ALTOONA, IA",24.08,72.25,133.13,0.0,0.0,229.46,,,285.1,55.64,19.52,MISC,RESALE,,,2021-01-07,Fin Closed,,TM - Time & Materials,@tm / Install (10) prepay only signs on canopy posts. Signs furnished by Nagle Signs.,,3,C:\Scripts\keyedin-capture\reports\cost_detail\cost_detail_batch_001.html
10041.1,77950,"NAGLE SIGNS, INC.","ANKENY, IA",0.0,98.38,181.38,0.0,0.0,279.76,,,330.0,50.24,15.22,MISC,RESALE,,,2021-01-08,Fin Closed,,TM - Time & Materials,@tm / Install (10) prepay only signs on canopy posts. Signs furnished by Nagle Signs.,,3,C:\Scripts\keyedin-capture\reports\cost_detail\cost_detail_batch_001.html
10042.1,5770,EXEMPLARCARE URGENT CARE,"WEST DES MOINES, IA",0.0,21.0,19.53,0.0,0.0,40.53,135.0,,,,,PRMT,IA25O7,Adam Fasselius,30678,2021-01-28,Fin Closed,CLLIT,,@30678 / Staff time for permitting.,,3,C:\Scripts\keyedin-capture\reports\cost_detail\cost_detail_batch_001.html
10042.2,5770,EXEMPLARCARE URGENT CARE,"WEST DES MOINES, IA",1244.32,1354.64,1845.89,1614.43,0.0,6059.28,7244.59,,7244.59,1185.31,16.36,CHANNL,IA25O7,Adam Fasselius,30968A,2021-01-28,Fin Closed,CLLIT,,"@30968A / WEST ELEVATION: Fabricate and install 3"" deep LED illuminated individual/remote channel letters to the west elevation of the building. The channel letters and mark/logo have black trim cap and black returns. The mark/logo has a white face and the black lines are black vinyl. Reference Eagle sketch 1220-30968-01. Power to sign by others. Note 24 electrical holes are in the recess area above the enclosed vent. Sign placement will move as needed so holes are drilled in proper space.",,3,C:\Scripts\keyedin-capture\reports\cost_detail\cost_detail_batch_001.html
10042.3,5770,EXEMPLARCARE URGENT CARE,"WEST DES MOINES, IA",65.6,53.81,95.62,0.0,0.0,215.03,,,365.05,150.02,41.1,MISC,IA25O7,,,2021-01-28,Fin Closed,,TM - Time & Materials,"@tm / Cover the letters "" URGENT"" with 040 black aluminum. Bill customer T&M",,3,C:\Scripts\keyedin-capture\reports\cost_detail\cost_detail_batch_001.html
10043.1,2535,ATLAS SIGN INDUSTRIES,"CRESTON, IA",0.0,310.63,573.54,0.0,0.0,884.17,746.81,,1493.62,609.45,40.8,INSTL,RESALE,Adam Fasselius,31010,2021-03-09,Fin Closed,CLLIT,,"@31010 / Receive, Inspect and Install 2 sets of Channel Letters on raceways. 1 set attaches to front of building and 2nd set attaches to back of building - overall dimensions: 4'3"" H X 19'5 1/4"" W",,3,C:\Scripts\keyedin-capture\reports\cost_detail\cost_detail_batch_001.html
10043.2,2535,ATLAS SIGN INDUSTRIES,"CRESTON, IA",0.0,0.0,0.0,0.0,0.0,0.0,135.0,,,,,PRMT,RESALE,Adam Fasselius,31011,2021-03-09,Fin Closed,CLLIT,,@31011 / Staff time for the procurement of permitting - NOTE: permit cost will be on Final Invoice WORK ORDER 10043.2 HAS NO HISTORY,,3,C:\Scripts\keyedin-capture\reports\cost_detail\cost_detail_batch_001.html
10043.3,2535,ATLAS SIGN INDUSTRIES,"CRESTON, IA",55.0,411.64,760.29,0.0,0.0,1226.93,557.01,,557.01,-669.92,-120.27,BANNER,RESALE,Adam Fasselius,31063,2021-03-09,Fin Closed,BANSTK,,@31063 / Furnish and install 3' x 10' 15oz banner on front elevation.,,3,C:\Scripts\keyedin-capture\reports\cost_detail\cost_detail_batch_001.html
10043.4,2535,ATLAS SIGN INDUSTRIES,"CRESTON, IA",55.0,10.25,9.53,0.0,0.0,74.78,335.88,,335.88,261.1,77.74,BANNER,RESALE,Adam Fasselius,31309,2021-03-09,Fin Closed,BANSTK,,@31309 / Furnish and Install 3' X 10' - 15 oz Banner (COMING SOON) on front elevation attached to windows - NOTE: to be installed at same time as Channel Letters,,3,C:\Scripts\keyedin-capture\reports\cost_detail\cost_detail_batch_001.html
10043.5,2535,ATLAS SIGN INDUSTRIES,"CRESTON, IA",0.0,0.0,0.0,0.0,0.0,0.0,1117.98,,1117.98,1117.98,100.0,INSTL,RESALE,Adam Fasselius,31396,2021-03-09,Fin Closed,CLLIT,,@31396 / Extra Trip Charge and Labor for install,,3,C:\Scripts\keyedin-capture\reports\cost_detail\cost_detail_batch_001.html
10044.1,2598,SEPTAGON CONSTRUCTION,"GRIMES, IA",0.0,149.5,257.48,0.0,0.0,406.98,983.43,,983.43,576.45,58.62,BLDG,IA77O7,Adam Fasselius,30553,2021-01-19,Fin Closed,BLDNON,,@30553 / Remove existing non-illuminated s/f sign at 2800 SE Gateway Dr. and install at new location 2500 SE Gateway Dr. Permit fee and staff time not included,,3,C:\Scripts\keyedin-capture\reports\cost_detail\cost_detail_batch_001.html
10044.2,2598,SEPTAGON CONSTRUCTION,"GRIMES, IA",0.0,21.0,19.53,0.0,0.0,40.53,135.0,,,,,BLDG,IA77O7,,30611,2021-01-19,Fin Closed,BLDNON,,@30611 / permit acquisition fee,,3,C:\Scripts\keyedin-capture\reports\cost_detail\cost_detail_batch_001.html
10045.1,5771,BLINK SIGNS,"URBANDALE, IA",239.82,1114.08,2024.52,0.0,0.0,3378.42,1482.35,,4447.05,1068.63,24.03,INSTL,IA77O7,Adam Fasselius,31017,2022-02-17,Fin Closed,CLLIT,,"@31017 / South, West and East Elevations - Signs 1, 2 & 3: Receive, Inspect and Install Remote mounted channel letters (Low voltage wire is not run in conduit) - Overall Dimensions: 7´4 3/8"" H X 14´3 3/4"" W - connect to electrical circuits provided by others",,3,C:\Scripts\keyedin-capture\reports\cost_detail\cost_detail_batch_001.html
10045.10,5771,BLINK SIGNS,"URBANDALE, IA",1182.49,1079.42,1053.9,0.0,0.0,3315.81,1519.17,,4557.51,1241.7,27.25,CHANNL,IA77O7,Adam Fasselius,33082,2022-02-07,Fin Closed,CLLIT,,@33082 / Fabricate Raceways and paint them SW 7039C to match building -attach received Channel Letters and logo to Raceways. Installation not included in this quote.,,3,C:\Scripts\keyedin-capture\reports\cost_detail\cost_detail_batch_001.html
10045.11,5771,BLINK SIGNS,"URBANDALE, IA",0.0,0.0,0.0,5120.0,0.0,5120.0,3053.85,,3053.85,-2066.15,-67.66,OUTS,IA77O7,Adam Fasselius,33722,2022-05-25,Fin Closed,MONDF,,"@33722 / Sawcut and remove pavement for pad up to 7"" thickness - Integral 8"" PAD 1.5' x 17' - Pad will be level with approximately 4"" Exposed above the existing at the north end and 10"" on the south end",,3,C:\Scripts\keyedin-capture\reports\cost_detail\cost_detail_batch_001.html
10045.12,5771,BLINK SIGNS,"URBANDALE, IA",0.0,0.0,0.0,0.0,0.0,0.0,,,325.0,325.0,100.0,MISC,IA77O7,,,2022-05-25,Fin Closed,,TM - Time & Materials,@tm / Private locate. WORK ORDER 10045.12 HAS NO HISTORY,,3,C:\Scripts\keyedin-capture\reports\cost_detail\cost_detail_batch_001.html
10045.3,5771,BLINK SIGNS,"URBANDALE, IA",0.0,10.5,9.77,0.0,0.0,20.27,2355.07,2355.07,,2334.8,99.14,INSTL,IA77O7,Adam Fasselius,30715,2021-12-10,Fin Closed,MONDF,,"@30715 / South Entry - Sign 4 - Receive, Inspect and Install DF sign cabinet and topper - Connect to electrical circuits provided by others - install photocell provided by HUDSIGN. Sign to arrive as two large rectangular cabinets with channel letters pre-assembled onto them. Stone veneer by others.",,3,C:\Scripts\keyedin-capture\reports\cost_detail\cost_detail_batch_001.html
10045.6,5771,BLINK SIGNS,"URBANDALE, IA",0.0,0.0,0.0,0.0,0.0,0.0,200.0,,200.0,200.0,100.0,MISC,IA77O7,Adam Fasselius,30718,2022-02-17,Fin Closed,OTHER,,@30718 / Additional Trip for Night Photos,,3,C:\Scripts\keyedin-capture\reports\cost_detail\cost_detail_batch_001.html
10045.7,5771,BLINK SIGNS,"URBANDALE, IA",0.0,0.0,0.0,0.0,0.0,0.0,200.0,,200.0,200.0,100.0,MISC,IA77O7,Adam Fasselius,30719,2022-05-25,Fin Closed,OTHER,,@30719 / Additional Trip to meet GC on site to discuss electrical placement/mark freestanding sign locations,,3,C:\Scripts\keyedin-capture\reports\cost_detail\cost_detail_batch_001.html
10045.8,5771,BLINK SIGNS,"URBANDALE, IA",228.54,96.0,178.57,260.31,0.0,763.42,6417.3,,6417.3,5653.88,88.1,OUTS,IA77O7,Adam Fasselius,30714A,2022-05-25,Fin Closed,MONDF,,"@30714A / South Entry - Sign 4: Dig Footings, set (1)steel support and pour concrete (6"" of concrete or crushed cinder blocks placed in bottom of foundation prior to main pour) - Footing 3´ diameter, 8.25´ deep - Approx 20´ Pole - All provided by Eagle Signs - NOTE: Bid for warm weather construction season. Price assumes no underground obstructions",,3,C:\Scripts\keyedin-capture\reports\cost_detail\cost_detail_batch_001.html
10045.9,5771,BLINK SIGNS,"URBANDALE, IA",0.0,261.88,486.47,0.0,0.0,748.35,2281.47,,2281.47,1533.12,67.2,INSTL,IA77O7,Adam Fasselius,30715A,2022-05-25,Fin Closed,MONDF,,"@30715A / South Entry - Sign 4 - Receive, Inspect and Install DF sign cabinet and topper - Connect to electrical circuits provided by others - install photocell provided by Blink Sign. Sign to arrive as two large rectangular cabinets with channel letters pre-assembled onto them. Stone veneer by others.",,3,C:\Scripts\keyedin-capture\reports\cost_detail\cost_detail_batch_001.html
10046.1,4725,KEMIN INDUSTRIES,"DES MOINES, IA",3098.93,2175.48,2408.39,0.0,0.0,7682.8,11219.58,,11219.58,3536.78,31.52,MONMNT,IA77O7,Adam Fasselius,30945,2021-08-24,Fin Closed,MONSF,,"@30945 / Fabricate and install single sided aluminum sign cabinet with a reveal and reverse lit letters illuminated with white LEDs. Aluminum cabinet is painted Brushed Aluminum with a Satin finish. The reveal and drip cap are painted to color match color sample dropped off by client. This price includes Eagle providing and setting (2) 3""x 3""x 1/4"" steel posts into caisson footings. This sign will have a 120v - 277v power supply. Reference Eagle sketches 1220-30945-02 and 1220-30960-00 for details. NOTE: POWER TO SIGN, FOOTINGS AND MASONRY BY OTHERS.",,3,C:\Scripts\keyedin-capture\reports\cost_detail\cost_detail_batch_001.html
10046.2,4725,KEMIN INDUSTRIES,"DES MOINES, IA",0.0,42.0,39.06,0.0,0.0,81.06,135.0,,,,,PRMT,IA77O7,Adam Fasselius,31013,2021-08-24,Fin Closed,MONSF,,@31013 / Staff time for permitting.,,3,C:\Scripts\keyedin-capture\reports\cost_detail\cost_detail_batch_001.html
10046.3,4725,KEMIN INDUSTRIES,"DES MOINES, IA",40.34,77.76,72.34,0.0,0.0,190.44,,,,,,MISC,IA77O7,,,2021-08-24,Fin Closed,,TM - Time & Materials,@tm / Apply GLOSS finsh to the KEMIN reverse lit letters on the single sided monumnt sign.,,3,C:\Scripts\keyedin-capture\reports\cost_detail\cost_detail_batch_001.html
10047.1,5259,EASTVIEW COMMUNITY CENTER,"DES MOINES, IA",0.0,21.0,19.53,0.0,0.0,40.53,135.0,,,,,MONMNT,IA77O7,,30964,2021-01-15,Fin Closed,MONDF,,@30964 / Permit acquisition fee,,3,C:\Scripts\keyedin-capture\reports\cost_detail\cost_detail_batch_001.html
10047.2,5259,EASTVIEW COMMUNITY CENTER,"DES MOINES, IA",440.25,104.5,174.46,0.0,0.0,719.21,991.47,,991.47,272.26,27.46,REPFCE,IA77O7,Adam Fasselius,30994,2021-01-15,Fin Closed,MONDF,,"@30994 / Fabricate and install (2) 20""x96"" White plex panels, with Eastview Graphics on left and Caring Hands, over Food Pantry, on right; black vinyl vertical divider",,3,C:\Scripts\keyedin-capture\reports\cost_detail\cost_detail_batch_001.html
10048.1,77950,"NAGLE SIGNS, INC.","ALTOONA, IA",103.07,265.75,397.46,0.0,0.0,766.28,,,976.49,210.21,21.53,MISC,RESALE,,,2021-02-11,Fin Closed,,TM - Time & Materials,"@tm / Remove, repair, repaint and reinstall damaged Drive-Thru Eyebrow. Inspect structure upon removal to see if any repairs are required to the eyebrow framework or the building. Contact Josh or TJ with any questions. Not sure what Kent has for photo's at this location.",,3,C:\Scripts\keyedin-capture\reports\cost_detail\cost_detail_batch_001.html
10049.1,77950,"NAGLE SIGNS, INC.","MARSHALLTOWN, IA",785.02,625.26,797.86,0.0,0.0,2208.14,,,2981.07,772.93,25.93,MISC,RESALE,,,2021-02-28,Fin Closed,,TM - Time & Materials,"@tm / Fab and install (1) awning covered with #4652 Mediterranean Blue Sunbrella. Material is stapled in with matching blue trim cap. Size 27' 11-1/4"" for space thaat is 28'-1/4"" between brick, 48"" high, 36"" projection, 12"" high valance. Framing 1x1 aluminum with welds cleaned and touched up with silver paint to match others on site. Verify specifications with Josh and/or T.J. before production. Permit not required. Photos are required.",,3,C:\Scripts\keyedin-capture\reports\cost_detail\cost_detail_batch_001.html
1005.1,63200,KERKHOFF CHIROPRACTIC,"Waukee, IA",0.0,0.0,0.0,75.0,0.0,75.0,,,150.0,75.0,50.0,BANNER,IA25,,,2007-05-30,Fin Closed,,TM - Time & Materials,"@banner / Banner 1'-0"" X 3'-0"" Grommets, With Vinyl Graphics",,3,C:\Scripts\keyedin-capture\reports\cost_detail\cost_detail_batch_001.html
10050.1,18600,CAT SCALE,"WALCOTT, IA",2668.2,3.75,3.49,0.0,0.0,2675.44,81.2,,4872.0,2196.56,45.09,PYLON,IA77O7,Adam Fasselius,30014,2021-01-18,Fin Closed,POLLIT,,@30014 / (60) LED power supplies; shipping not included,,3,C:\Scripts\keyedin-capture\reports\cost_detail\cost_detail_batch_001.html
10051.1,4815,PRAIRIE MEADOWS,"ALTOONA, IA",66.75,769.67,1425.05,0.0,0.0,2261.47,3251.44,,3251.44,989.97,30.45,AWNING,IA77O7,Adam Fasselius,30936,2021-04-29,Fin Closed,AWNNON,,@30936 / Install covering for 40´ and 80´ canopies in Spring of 2021; fabric stored at location.,,3,C:\Scripts\keyedin-capture\reports\cost_detail\cost_detail_batch_001.html
10052.1,18600,CAT SCALE,"HUBBARD, OH",7758.82,34.13,31.75,1800.0,0.0,9624.7,12960.0,,12960.0,3335.3,25.74,PYLON,IC,,31035,2021-01-12,Fin Closed,POLLIT,,@31035 / (1) Standard package,,3,C:\Scripts\keyedin-capture\reports\cost_detail\cost_detail_batch_001.html
10053.1,18600,CAT SCALE,"MERIDIAN, MS",33546.32,152.7,142.02,2650.0,0.0,36491.04,56411.0,,56411.0,19919.96,35.31,PYLON,IC,,31044,2021-02-03,Fin Closed,POLLIT,,@31044 / (4) LED 115mph/Standard Packages; (1) Set of poles for CAT #3296; (1) Intercom Sign for CAT #3296,,3,C:\Scripts\keyedin-capture\reports\cost_detail\cost_detail_batch_001.html
10053.2,18600,CAT SCALE,"MERIDIAN, MS",3954.06,569.21,564.28,0.0,0.0,5087.55,,,8269.0,3181.45,38.47,MISC,IC,,,2021-02-03,Fin Closed,,TM - Time & Materials,@tm / (1)4x20 cabinet for a 4x20 in Mims Fl. Cat 3296,,3,C:\Scripts\keyedin-capture\reports\cost_detail\cost_detail_batch_001.html
10054.1,3178,SOUTH WATER SIGNS,"DES MOINES, IA",3.8,106.13,196.83,0.0,0.0,306.76,688.53,,688.53,381.77,55.45,INSTL,IA77O7,Adam Fasselius,31016,2021-01-21,Fin Closed,CLLIT,,@31016 / Remove Existing Channel Letter Sign and reinstall two sign bands over to the right,,3,C:\Scripts\keyedin-capture\reports\cost_detail\cost_detail_batch_001.html
10055.1,4455,HUBBELL PROPERTY MANAGEMENT,"WEST DES MOINES, IA",108.88,51.63,72.43,0.0,0.0,232.94,562.02,,562.02,329.08,58.55,VINYL,IA25O7,Adam Fasselius,30953,2021-01-20,Fin Closed,VINYL,,"@30953 / Fabricate (1) digital hex shaped print vinyl; at installation cut out and remove existing graphics, install new vinyl piece",,3,C:\Scripts\keyedin-capture\reports\cost_detail\cost_detail_batch_001.html
10056.1,5745,RUETER'S EQUIPMENT,"ELKHART, IA",867.32,0.0,0.0,0.0,0.0,867.32,1723.02,,1723.02,855.7,49.66,REPFCE,IA77O7,Adam Fasselius,31038,2021-01-31,Fin Closed,FFACE,,"@31038 / Furnish (SIDE A LEFT) only (1) replacement pan formed and embossed face ""RUE"". Missing face retainer is not included.",,3,C:\Scripts\keyedin-capture\reports\cost_detail\cost_detail_batch_001.html
10057.1,77950,"NAGLE SIGNS, INC.","MARSHALLTOWN, IA",3.09,65.63,120.95,0.0,0.0,189.67,,,214.64,24.97,11.63,MISC,RESALE,,,2021-01-14,Fin Closed,,TM - Time & Materials,@tm / Return trip to install correct arch faces that didnt line up on origional order. Nagle Order 26129.1,,3,C:\Scripts\keyedin-capture\reports\cost_detail\cost_detail_batch_001.html
10058.1,5680,SIGN MANAGER,"ANKENY, IA",29.85,63.13,84.87,0.0,0.0,177.85,,,353.49,175.64,49.69,MISC,IA77OP,,,2021-01-25,Fin Closed,,TM - Time & Materials,"@tm / Sign face blew off before Christmas,run by store and pick up the broken face; send Sign Manager a price to fabricate new and install.",,3,C:\Scripts\keyedin-capture\reports\cost_detail\cost_detail_batch_001.html
10059.1,3683,ALLEN INDUSTRIES,"MANSON, IA",0.0,86.63,159.11,0.0,0.0,245.74,600.0,,600.0,354.26,59.04,SURVEY,RESALE,Adam Fasselius,31045,2021-01-18,Fin Closed,BLDILL,,@31045 / Site Survey for Sign Installation of Custome C-Style Wall Fascia and 4' Deere Logo Wall Sign,,3,C:\Scripts\keyedin-capture\reports\cost_detail\cost_detail_batch_001.html
10060.1,3582,EVERBRITE LLC,"BOONE, IA",0.0,0.0,0.0,0.0,0.0,0.0,68.36,,68.36,68.36,100.0,CHANNL,RESALE,Adam Fasselius,31068,2021-01-12,Fin Closed,CLLIT,,"@31068 / Repair to letter L, fixing can; customer to supply new face",,3,C:\Scripts\keyedin-capture\reports\cost_detail\cost_detail_batch_001.html
10061.1,5773,BATTLE HAWK ARMORY,"GRIMES, IA",311.59,120.56,182.11,0.0,0.0,614.26,824.74,,824.74,210.48,25.52,BLDG,IA77O7,Adam Fasselius,30862,2021-01-26,Fin Closed,OTHER,,@30862 / Fabricate and Install Aluminum Sign Panel to the right of the door above windows with printed graphics,,3,C:\Scripts\keyedin-capture\reports\cost_detail\cost_detail_batch_001.html
10061.2,5773,BATTLE HAWK ARMORY,"GRIMES, IA",0.0,21.0,19.53,0.0,0.0,40.53,135.0,,,,,PRMT,IA77O7,Adam Fasselius,30864,2021-01-26,Fin Closed,OTHER,,@30864 / Staff time for the procurement of permitting - NOTE: permit cost will be on Final invoice,,3,C:\Scripts\keyedin-capture\reports\cost_detail\cost_detail_batch_001.html
10062.1,18600,CAT SCALE,"WILDWOOD, FL",964.35,146.0,135.79,0.0,0.0,1246.14,3487.0,,3487.0,2240.86,64.26,REPFCE,IC,,31100,2021-01-31,Fin Closed,POLLIT,,@31100 / (1) Set of 5x20 Faces,,3,C:\Scripts\keyedin-capture\reports\cost_detail\cost_detail_batch_001.html
10063.1,3951,"ALLEN INDUSTRIES , INC","HARCOURT, IA",0.0,69.38,129.05,0.0,0.0,198.43,400.0,,400.0,201.57,50.39,MISC,RESALE,Adam Fasselius,31096,2021-01-25,Fin Closed,OTHER,,@31096 / Survey bracket size that holds on the cladding - need good measurements of all sides,,3,C:\Scripts\keyedin-capture\reports\cost_detail\cost_detail_batch_001.html
10064.1,18600,CAT SCALE,"WALCOTT, IA",866.16,584.13,543.25,125.79,0.0,2119.33,201.0,,4020.0,1900.67,47.28,PYLON,IA82,,31114,2021-02-03,Fin Closed,POLLIT,,"@31114 / (20) California Intercom Sign, Front Faces",,3,C:\Scripts\keyedin-capture\reports\cost_detail\cost_detail_batch_001.html
10065.1,18600,CAT SCALE,"SULLIVAN, MO",5889.45,48.76,45.36,900.0,0.0,6883.57,9322.0,,9322.0,2438.43,26.16,PYLON,MOWASH,,31116,2021-01-27,Fin Closed,POLLIT,,@31116 / (1) 5x20; (1) Pole Non-Intercom side,,3,C:\Scripts\keyedin-capture\reports\cost_detail\cost_detail_batch_001.html
10066.1,5366,MIDWEST MATTRESS,"URBANDALE, IA",818.31,178.13,331.32,0.0,0.0,1327.76,2485.45,,2485.45,1157.69,46.58,CHANNL,IA77O7,Adam Fasselius,31115,2021-01-31,Fin Closed,CLLIT,,"@31115 / CONVERT "" Midwest mattress "" CHANNEL LETTERS FROM NEON TO LEDS. THE LETTER ""d"" IS 40"" WITH A 10"" STROKE",,3,C:\Scripts\keyedin-capture\reports\cost_detail\cost_detail_batch_001.html
10067.1,2460,DOWNING INC.,"GRIMES, IA",2325.0,371.51,597.71,0.0,162.75,3456.97,7148.0,,7148.0,3691.03,51.64,CHANNL,NEWCIA,Adam Fasselius,30272,2021-05-12,Fin Closed,CLLIT,,@30272 / SOUTH/FRONT ELEVATION: Fabricate and install reverse lit exterior wall sign. Reference Eagle sketch 0820-30272-00. Power to sign by others. NEW CONSTRUCTION USE TAX INCLUDED.,,3,C:\Scripts\keyedin-capture\reports\cost_detail\cost_detail_batch_001.html
10067.2,2460,DOWNING INC.,"GRIMES, IA",2325.0,846.66,1568.65,0.0,162.75,4903.06,7148.0,,6790.6,1887.54,27.8,CHANNL,NEWCIA,Adam Fasselius,30273,2021-05-12,Fin Closed,CLLIT,,@30273 / NORTH/REAR ELEVATION: Fabricate and install reverse lit exterior wall sign. Reference Eagle sketch 0820-30273-00. Power to sign by others. NEW CONSTRUCTION USE TAX INCLUDED. Note: If ordered with quotes 30272 a 5% discount will be applied.,,3,C:\Scripts\keyedin-capture\reports\cost_detail\cost_detail_batch_001.html
10067.3,2460,DOWNING INC.,"GRIMES, IA",0.0,15.75,14.65,0.0,0.0,30.4,285.0,,,,,PRMT,NEWCIA,Adam Fasselius,30292,2021-05-12,Fin Closed,CLLIT,,@30292 / Staff time plus the cost of permits.,,3,C:\Scripts\keyedin-capture\reports\cost_detail\cost_detail_batch_001.html
10067.5,2460,DOWNING INC.,"GRIMES, IA",0.0,0.0,0.0,0.0,0.0,0.0,196.5,,196.5,196.5,100.0,INT,NEWCIA,Adam Fasselius,31305,2021-05-12,Fin Closed,CLLIT,,@31305 / EXTERIOR SIGNS: Price adjustment for two color metallic paint for the south elevation and black metallic paint for the north elevation.,,3,C:\Scripts\keyedin-capture\reports\cost_detail\cost_detail_batch_001.html
10067.6,2460,DOWNING INC.,"GRIMES, IA",0.0,15.38,14.3,0.0,0.0,29.68,,,,,,MISC,NEWCIA,,,2021-05-12,Fin Closed,,TM - Time & Materials,@tm / Provide GC with install pattern for Illuminated Interior tooth logo sign. Eagle Sketch 0221-31292-00. Joe will deliver to job site.,,3,C:\Scripts\keyedin-capture\reports\cost_detail\cost_detail_batch_001.html
10067.7,2460,DOWNING INC.,"GRIMES, IA",1110.97,111.26,192.64,0.0,77.77,1492.64,2297.0,,2297.0,804.36,35.02,INT,NEWCIA,Adam Fasselius,31292,2021-05-12,Fin Closed,CLLIT,,"@31292 / Furnish and install back lit interior tooth logo sign. 2"" deep channel letter mounted to the wall using 1.5"" standoffs. Painted two color metallic finish. Reference Eagle sketch 0221-31292-00. NEW CONSTRUCTION USE TAX INCLUDED IN THIS PRICE.",,3,C:\Scripts\keyedin-capture\reports\cost_detail\cost_detail_batch_001.html
10068.1,5778,LIFESTREAM CHIROPRACTIC,"ANKENY, IA",45.9,183.01,319.79,0.0,0.0,548.7,1426.39,,1426.39,877.69,61.53,CHANNL,IA77OP,Adam Fasselius,31065,2021-02-05,Fin Closed,CLLIT,,"@31065 / Remove existing channel letters on two raceways ""lifestream CHIROPRACTIC"" from the current Grimes location and re-install at new Ankeny location. Eagle will connect signs to power if within 5´ and we have access to wall behind sign area. Power to signs by others. This price does not include any patching or painting of EIFS.",,3,C:\Scripts\keyedin-capture\reports\cost_detail\cost_detail_batch_001.html
10068.2,5778,LIFESTREAM CHIROPRACTIC,"ANKENY, IA",9.83,69.63,119.07,0.0,0.0,198.53,255.84,,255.84,57.31,22.4,VINYL,IA77OP,Adam Fasselius,31066,2021-02-05,Fin Closed,VINYL,,"@31066 / Furnish and apply black vinyl lettering ""lifestream CHIROPRACTIC"" to existing blank white tenant panels.",,3,C:\Scripts\keyedin-capture\reports\cost_detail\cost_detail_batch_001.html
10068.3,5778,LIFESTREAM CHIROPRACTIC,"ANKENY, IA",0.0,10.5,9.77,0.0,0.0,20.27,135.0,,,,,PRMT,IA77OP,Adam Fasselius,31082,2021-02-05,Fin Closed,CLLIT,,@31082 / Staff time for permitting. NOTE: Permit fee will be listed separately at cost on the final invoice.,,3,C:\Scripts\keyedin-capture\reports\cost_detail\cost_detail_batch_001.html
10069.1,5779,JLM SHOOTERS SUPPLY,"URBANDALE, IA",25.85,64.88,94.76,0.0,0.0,185.49,274.23,,274.23,88.74,32.36,BLDG,IA77O7,Adam Fasselius,31072,2021-02-17,Fin Closed,BLDILL,,"@31072 / Remove and Dispose existing face from sign on back of building - Fabricate and Install new white panel with black lettering ""JLM SHOOTERS SUPPLY""",,3,C:\Scripts\keyedin-capture\reports\cost_detail\cost_detail_batch_001.html
10069.2,5779,JLM SHOOTERS SUPPLY,"URBANDALE, IA",94.96,71.88,97.97,0.0,0.0,264.81,671.3,,671.3,406.49,60.55,BLDG,IA77O7,Adam Fasselius,31073,2021-02-17,Fin Closed,BLDILL,,"@31073 / Remove and Dispose existing face from sign on front of building - Fabricate and Install new white panel with black lettering ""JLM SHOOTERS SUPPLY""",,3,C:\Scripts\keyedin-capture\reports\cost_detail\cost_detail_batch_001.html
10069.3,5779,JLM SHOOTERS SUPPLY,"URBANDALE, IA",0.0,31.5,29.3,0.0,0.0,60.8,135.0,,,,,PRMT,IA77O7,Adam Fasselius,31094,2021-02-17,Fin Closed,BLDILL,,@31094 / Staff time for the procurement of permitting - NOTE: Permit cost will be on Final Invoice,,3,C:\Scripts\keyedin-capture\reports\cost_detail\cost_detail_batch_001.html
1007.1,74550,MICROTEL INN & STES,"Colfax, IA",0.0,0.0,0.0,1551.5,0.0,1551.5,1350.71,,1450.0,-101.5,-7.0,INSTL,IA50,John Nagle,1053,2007-05-31,Fin Closed,CLLIT,,"@1053 / Remove ""Microtel Inn & Suites"" channel letters with logo on building and reinstall on east elevation. Caulk electrical and mounting holes where signs were removed and installed. Siding replacement not included in this quote.",,3,C:\Scripts\keyedin-capture\reports\cost_detail\cost_detail_batch_001.html
10070.1,18600,CAT SCALE,"GILA BEND, AZ",859.73,14.63,13.61,0.0,0.0,887.97,1506.0,,1506.0,618.03,41.04,PYLON,IC,,31136,2021-01-26,Fin Closed,POLLIT,,@31136 / (1) Intercom Sign,,3,C:\Scripts\keyedin-capture\reports\cost_detail\cost_detail_batch_001.html
10071.1,5783,FNB BANK,"FONTANELLE, IA",5660.33,808.34,931.09,0.0,0.0,7399.76,13714.1,,13714.1,6314.34,46.04,PYLON,IA01,Adam Fasselius,31018,2021-03-26,Fin Closed,POLLIT,,"@31018 / Fabricate and install new flag mounted double sided aluminum sign cabinet painted black with black retainers, illuminated with white LED´s, white polycarbonate faces with black vinyl graphics. Price includes double sided Watchfire electronic LED 24"" character Time & Temperature unit. Digital temperature sensor and satellite guided TimeTracker. Sign cabinet has 1 year parts and labor warranty. Watchfire unit has a 1 year labor and 5 year parts warranty. This sign requires 120v and will pull (9) amps. Power to sign by others. Reference Eagle sketch 1220-31018-01.",,3,C:\Scripts\keyedin-capture\reports\cost_detail\cost_detail_batch_001.html
10071.2,5783,FNB BANK,"FONTANELLE, IA",0.0,445.39,821.86,0.0,0.0,1267.25,646.45,,646.45,-620.8,-96.03,SRVCE,IA01,Adam Fasselius,31030,2021-03-26,Fin Closed,POLLIT,,"@31030 / Furnish crane, man lift and two men to remove and leave at bank flag mounted pole sign cabinet and time & temperature unit. Shazam and Discover signage remains on the pole.",,3,C:\Scripts\keyedin-capture\reports\cost_detail\cost_detail_batch_001.html
10071.3,5783,FNB BANK,"FONTANELLE, IA",0.0,0.0,0.0,0.0,0.0,0.0,135.0,,,,,PRMT,IA01,,31031,2021-03-26,Fin Closed,POLLIT,,@31031 / Staff time for permitting. WORK ORDER 10071.3 HAS NO HISTORY,,3,C:\Scripts\keyedin-capture\reports\cost_detail\cost_detail_batch_001.html
10072.1,18600,CAT SCALE,"REDDICK, FL",964.35,141.25,131.37,0.0,0.0,1236.97,3487.0,,3487.0,2250.03,64.53,REPFCE,IC,,31142,2021-01-31,Fin Closed,POLLIT,,@31142 / (1) Set of 5x20 Faces,,3,C:\Scripts\keyedin-capture\reports\cost_detail\cost_detail_batch_001.html
10073.1,4332,MAPLE GROVE UNITED METHODIST CHURCH,"WEST DES MOINES, IA",0.0,0.0,0.0,70.74,0.0,70.74,135.69,,135.69,64.95,47.87,MISC,IA77O7,Adam Fasselius,31113,2021-01-31,Fin Closed,OTHER,,@31113 / (1) Punctuation set for Pronto 6 Condensed changeable copy (50 pcs); for customer pick up,,3,C:\Scripts\keyedin-capture\reports\cost_detail\cost_detail_batch_001.html
10074.1,18600,CAT SCALE,"KINGSVILLE, TX",964.35,148.75,138.34,0.0,0.0,1251.44,3487.0,,3610.36,2358.92,65.34,REPFCE,TXCORP,,31151,2021-02-02,Fin Closed,POLLIT,,@31151 / (1) Set of 5x20 Faces,,3,C:\Scripts\keyedin-capture\reports\cost_detail\cost_detail_batch_001.html
10075.1,3951,"ALLEN INDUSTRIES , INC","HARCOURT, IA",22.85,213.44,343.92,0.0,0.0,580.21,431.09,,,,,MISC,RESALE,Adam Fasselius,31097,2021-01-31,Fin Closed,OTHER,,"@31097 / Fabricate, Paint and Install bracket that holds cladding onto pole",,3,C:\Scripts\keyedin-capture\reports\cost_detail\cost_detail_batch_001.html
10076.1,27050,CHRIST THE KING LUTHERAN CHURC,"Altoona, IA",492.45,257.83,418.99,0.0,0.0,1169.27,1161.98,,1161.98,-7.29,-0.63,MISC,IA77O7,Adam Fasselius,30642,2021-08-10,Fin Closed,LED,,"@30642 / Convert fluorescent sign to LEDs. Sign has (2) 64"", (1) 48"", (4) 42"", (1) 36"" and (2) 30"" lamps.",,3,C:\Scripts\keyedin-capture\reports\cost_detail\cost_detail_batch_001.html
10076.2,27050,CHRIST THE KING LUTHERAN CHURC,"Altoona, IA",176.96,91.87,170.88,0.0,0.0,439.71,669.8,,669.8,230.09,34.35,INSTL,IA77O7,Adam Fasselius,30883,2021-08-10,Fin Closed,MONSF,,@30883 / Furnish and install 2 hinges and (4) 40lb gas shocks,,3,C:\Scripts\keyedin-capture\reports\cost_detail\cost_detail_batch_001.html
10076.3,27050,CHRIST THE KING LUTHERAN CHURC,"Altoona, IA",0.0,0.0,0.0,0.0,0.0,0.0,,,,,,WARINT,IA77O7,,,2021-08-10,Fin Closed,,TM - Time & Materials,"@tm / WARRANTY: Fix grass area, sign face and cabinet. WORK ORDER 10076.3 HAS NO HISTORY",,3,C:\Scripts\keyedin-capture\reports\cost_detail\cost_detail_batch_001.html
10077.1,5784,SISSON,"WEST DES MOINES, IA",887.68,132.51,212.97,0.0,0.0,1233.16,2189.53,,2189.53,956.37,43.68,INT,IA25O7,Adam Fasselius,31122,2021-03-12,Fin Closed,GEMINI,,"@31122 / INTERIOR SISSON WALL SIGN: Furnish and install 1/4"" thick acrylic letters and logo painted custom colors with polished faces and returns. Lion logo graphic and gradient colors on letters are digitally printed vinyl. Letters and logo mounted to 1/4"" clear acrylic backer. Backer mounted to the wall using pizazz standoffs. Reference Eagle sketch 0121-31122-00.",,3,C:\Scripts\keyedin-capture\reports\cost_detail\cost_detail_batch_001.html
10078.1,18600,CAT SCALE,"LEE, FL",964.35,152.5,141.83,0.0,0.0,1258.68,3487.0,,3487.0,2228.32,63.9,REPFCE,IC,,31154,2021-02-02,Fin Closed,POLLIT,,@31154 / (1) Set of 5x20 Faces,,3,C:\Scripts\keyedin-capture\reports\cost_detail\cost_detail_batch_001.html
10079.1,5785,MIRACLE EAR,"OSCEOLA, IA",736.58,130.51,230.99,0.0,0.0,1098.08,1942.64,,1942.64,844.56,43.47,REPFCE,IA20,Adam Fasselius,31117,2021-02-17,Fin Closed,POLLIT,,@31117 / Furnish and install new pan formed faces for existing double sided illuminated pole sign cabinet. Reference Eagle sketch 0121-31117-00.,,3,C:\Scripts\keyedin-capture\reports\cost_detail\cost_detail_batch_001.html
10079.2,5785,MIRACLE EAR,"OSCEOLA, IA",54.07,41.51,63.02,0.0,0.0,158.6,244.82,,244.82,86.22,35.22,VINYL,IA20,Adam Fasselius,31118,2021-02-26,Fin Closed,PRNGRA,,@31118 / Furnish and apply first surface door glass vinyl name and business hours. Reference Eagle sketch 0121-31118-01.,,3,C:\Scripts\keyedin-capture\reports\cost_detail\cost_detail_batch_001.html
10079.3,5785,MIRACLE EAR,"OSCEOLA, IA",0.0,0.0,0.0,0.0,0.0,0.0,135.0,,,,,PRMT,IA20,Adam Fasselius,31153,2021-02-17,Fin Closed,POLLIT,,@31153 / Staff time for permitting. WORK ORDER 10079.3 HAS NO HISTORY,,3,C:\Scripts\keyedin-capture\reports\cost_detail\cost_detail_batch_001.html
10079.4,5785,MIRACLE EAR,"OSCEOLA, IA",9.87,106.25,196.1,0.0,0.0,312.22,,,295.38,-16.84,-5.7,MISC,IA20,,,2021-02-17,Fin Closed,,TM - Time & Materials,@tm / Customer has requested that Eagle install new T-5 or T-8 lamps in the pole sign cabinet. Also need to check the ballast and replace if necessary. Cabinet needs to illuminate before Eagle pulls off jobsite. Contact is: Joe Johnston 515 975 4400.,,3,C:\Scripts\keyedin-capture\reports\cost_detail\cost_detail_batch_001.html
1008.1,95950,NATIONAL CARWASH SOLUTIONS,"Grimes, IA",399.02,344.7,630.82,0.0,0.0,1374.54,,,748.0,-626.54,-83.76,BLDG,,,,2007-06-30,Fin Closed,,,"1008.1 / Fabricate (1) 21.25"" x 48.5"" single-face, internally illuminated 8-section cabinet sign. ABC Type II frame and back adapter with Type III retainer. Incandescent bulbs. All wires run to a handy box. Copy on this sign is in FRENCH. ""3 Couleurs"" decal is from BDI. Refer to drawing # 700340C1. Ryko part # 24785-007.",,3,C:\Scripts\keyedin-capture\reports\cost_detail\cost_detail_batch_001.html
10080.1,4170,KNAPP PROPERTIES,"PLEASANT HILL, IA",3153.84,1302.8,1353.4,0.0,0.0,5810.04,4579.01,,9158.02,3347.98,36.56,MONMNT,IA77O7,Adam Fasselius,31021,2021-08-13,Fin Closed,MONSF,,"@31021 / Fabricate and Install Non-illuminated DF cabinet with metal faces and a reveal - vinyl lettering ""RISING RIDGE""",,3,C:\Scripts\keyedin-capture\reports\cost_detail\cost_detail_batch_001.html
10080.2,4170,KNAPP PROPERTIES,"PLEASANT HILL, IA",16000.0,53.76,99.35,0.0,0.0,16153.11,11282.02,,22564.04,6410.93,28.41,MONMNT,IA77O7,Adam Fasselius,30984A,2021-08-13,Fin Closed,MONDF,,@30984A / Dig and Pour Footing - Set steel poles - Furnish and install 2´ H Solid Base (Dutch Quality Winter Point Weatherledge Flats) - NOTE: Bid for warm weather - 4+ month lead time,,3,C:\Scripts\keyedin-capture\reports\cost_detail\cost_detail_batch_001.html
10080.3,4170,KNAPP PROPERTIES,"PLEASANT HILL, IA",0.0,31.5,29.3,0.0,0.0,60.8,135.0,,,,,PRMT,IA77O7,Adam Fasselius,31003,2021-08-13,Fin Closed,MONDF,,@31003 / Staff time for the procurement of permitting - NOTE: Permit cost will be on Final Invoice,,3,C:\Scripts\keyedin-capture\reports\cost_detail\cost_detail_batch_001.html
10081.1,18600,CAT SCALE,"SATSUMA, AL",859.73,0.0,0.0,0.0,0.0,859.73,,,1822.95,963.22,52.84,MISC,ARSEAR,,,2021-02-01,Fin Closed,,TM - Time & Materials,"@tm / Ship (1)Intercom Sign, Standard Ground.",,3,C:\Scripts\keyedin-capture\reports\cost_detail\cost_detail_batch_001.html
10082.1,4973,SDDI SIGNS,"DES MOINES, IA",471.12,229.5,263.16,0.0,0.0,963.78,1391.08,,1391.08,427.3,30.72,REPFCE,IA77O7,Adam Fasselius,25654,2021-03-03,Fin Closed,BLDILL,,@25654 / SMALL DOUBLE SIDED BLADE SIGN - Furnish and install replacement faces with new digitally printed colors.,,3,C:\Scripts\keyedin-capture\reports\cost_detail\cost_detail_batch_001.html
10082.2,4973,SDDI SIGNS,"DES MOINES, IA",358.55,261.64,388.59,0.0,0.0,1008.78,1406.33,,1406.33,397.55,28.27,REPFCE,IA77O7,Adam Fasselius,25655,2021-03-03,Fin Closed,BLDILL,,@25655 / LARGE DOUBLE SIDED BLADE SIGN - Furnish and install replacement faces with new digitally printed colors.,,3,C:\Scripts\keyedin-capture\reports\cost_detail\cost_detail_batch_001.html
10082.3,4973,SDDI SIGNS,"DES MOINES, IA",188.32,55.13,51.27,0.0,0.0,294.72,711.88,,711.88,417.16,58.6,REPFCE,IA77O7,Adam Fasselius,25656,2021-03-03,Fin Closed,BLDILL,,@25656 / CANOPY SINGLE SIDED SIGN - Furnish and install replacement faces with new digitally printed colors.,,3,C:\Scripts\keyedin-capture\reports\cost_detail\cost_detail_batch_001.html
10083.1,2535,ATLAS SIGN INDUSTRIES,"JOHNSTON, IA",0.0,22.38,41.63,0.0,0.0,64.01,194.41,,194.41,130.4,67.07,INSTL,RESALE,Adam Fasselius,31137,2021-02-28,Fin Closed,VINYL,,"@31137 / Remove and Dispose existing vinyl from top window - Receive, Inspect and Install Front Window Vinyl on top window ""Thrivant logo"" 1st Surface and Entry Door Vinyl ""Thrivent logo"" 1st Surface - NOTE: weather must be warm enough for vinyl application. ***Photos required: Up close and from far away. Have Site contact sign the provided Thrivent sign off form and return it to Atlas with photos. ***",,3,C:\Scripts\keyedin-capture\reports\cost_detail\cost_detail_batch_001.html
10083.2,2535,ATLAS SIGN INDUSTRIES,"JOHNSTON, IA",0.0,68.0,126.23,0.0,0.0,194.23,174.96,,174.96,-19.27,-11.01,INSTL,RESALE,Adam Fasselius,31138,2021-02-28,Fin Closed,MONSF,,"@31138 / Remove and Dispose existing panel on Johnston Professional Center SF Monument Sign - receive, inspect and install new S/F Tenant Panel - Flat Aluminum Sign Panel with vinyl graphics",,3,C:\Scripts\keyedin-capture\reports\cost_detail\cost_detail_batch_001.html
10083.3,2535,ATLAS SIGN INDUSTRIES,"JOHNSTON, IA",0.0,138.88,258.07,0.0,0.0,396.95,174.96,,174.96,-221.99,-126.88,INSTL,RESALE,Adam Fasselius,31139,2021-02-28,Fin Closed,MONSF,,"@31139 / Remove and Dispose existing panel on Westfield Center SF Monument Sign - receive, inspect and install new S/F Tenant Panel - Flat Aluminum Sign Panel with vinyl graphics",,3,C:\Scripts\keyedin-capture\reports\cost_detail\cost_detail_batch_001.html
10083.4,2535,ATLAS SIGN INDUSTRIES,"JOHNSTON, IA",0.0,10.5,9.77,0.0,0.0,20.27,135.0,,135.0,114.73,84.99,PRMT,RESALE,Adam Fasselius,31140,2021-02-28,Fin Closed,MONSF,,@31140 / Staff time for the procurement of permitting - NOTE: Permit cost will be on Final Invoice,,3,C:\Scripts\keyedin-capture\reports\cost_detail\cost_detail_batch_001.html
10084.1,49300,GIT N GO CONVENIENCE STORES,"DES MOINES, IA",1574.46,261.76,480.05,0.0,0.0,2316.27,3879.09,,3879.09,1562.82,40.29,SRVCE,IA77O7,Adam Fasselius,30924,2021-03-04,Fin Closed,BLDILL,,@30924 / Repair/replace sections of damaged building canopy frame. Customer is taking care of damaged light fixtures.,,3,C:\Scripts\keyedin-capture\reports\cost_detail\cost_detail_batch_001.html
10085.1,18600,CAT SCALE,"SORRENTO, LA",964.35,152.38,141.72,0.0,0.0,1258.45,3487.0,,3487.0,2228.55,63.91,REPFCE,IC,,31181,2021-02-05,Fin Closed,POLLIT,,@31181 / (1) Set of 5x20 Faces,,3,C:\Scripts\keyedin-capture\reports\cost_detail\cost_detail_batch_001.html
10086.1,4135,GREAT WESTERN BANK,"OSCEOLA, IA",223.12,177.56,329.18,0.0,0.0,729.86,1206.67,,1206.67,476.81,39.51,MISC,IA20,Adam Fasselius,31015,2021-02-28,Fin Closed,LED,,"@31015 / Convert letters%5Clogo to leds. Logo is 23x23, upper case 14"" lower case 10"". Stroke is 1.5""",,3,C:\Scripts\keyedin-capture\reports\cost_detail\cost_detail_batch_001.html
10086.2,4135,GREAT WESTERN BANK,"OSCEOLA, IA",245.2,266.43,495.56,0.0,0.0,1007.19,1244.96,,1244.96,237.77,19.1,MISC,IA20,Adam Fasselius,31014,2021-02-28,Fin Closed,LED,,"@31014 / Convert letters%5Clogo to white leds. Logo is 30x30. Upper case is 18"" and lower case is 14"". Letters have a 2"" stroke.",,3,C:\Scripts\keyedin-capture\reports\cost_detail\cost_detail_batch_001.html
10087.1,5728,POBLOCKI SIGN COMPANY,"CLIVE, IA",3.8,95.25,175.6,0.0,0.0,274.65,222.01,,222.01,-52.64,-23.71,INSTL,IA77O7,Adam Fasselius,31121,2021-02-28,Fin Closed,RTLT,,"@31121 / Receive and install (1) set of 12""H x 1/8"" thick aluminum address numbers ""1480"". Flush stud mount.",,3,C:\Scripts\keyedin-capture\reports\cost_detail\cost_detail_batch_001.html
10088.1,5189,THE CONCRETE COMPANY,"GRIMES, IA",186.83,171.13,159.16,0.0,0.0,517.12,51.33,,615.96,98.84,16.05,VINYL,IA77O7,Adam Fasselius,31176,2021-02-09,Fin Closed,VINYL,,"@31176 / Fabricate The Concrete Company Logo - Black Vinyl with Chrome Vinyl applied over it - 10 1/2"" H X 25 1/2"" L - (Quantity - 12) - Customer will pick up",,3,C:\Scripts\keyedin-capture\reports\cost_detail\cost_detail_batch_001.html
10089.1,5786,"ICON CONSTRUCTION, LLC","WEST DES MOINES, IA",3733.16,1619.26,1674.65,1750.0,0.0,8777.07,13737.68,,13737.68,4960.61,36.11,MONMNT,IA77O7,Adam Fasselius,31064,2021-05-04,Fin Closed,MONDF,,"@31064 / SMALL REGENCY WEST MONUMENT SIGN: Fabricate and install non-lit double sided multi-tenant directory monument sign. The copy ""REGENCY WEST"" and ""address numbers"" are 3/4"" thick aluminum painted white mechanically fastened. The tenant panels are removable painted aluminum with vinyl copy. The accent feature is white acrylic and internally illuminated with changing RGB LEDs. Price includes steel support frame, concrete pad and footing. NOTE: Power to sign and up lighting fixtures by others.",,3,C:\Scripts\keyedin-capture\reports\cost_detail\cost_detail_batch_001.html
10089.2,5786,"ICON CONSTRUCTION, LLC","WEST DES MOINES, IA",0.0,31.5,29.3,0.0,0.0,60.8,135.0,,,,,PRMT,IA77O7,Adam Fasselius,31079,2021-05-04,Fin Closed,MONDF,,@31079 / Staff time for permitting. NOTE: Permit fee will be listed separately on the final invoice at cost.,,3,C:\Scripts\keyedin-capture\reports\cost_detail\cost_detail_batch_001.html
1009.1,2114,FIRST REALTY GMAC REAL ESTATE,"WEST DES MOINES, IA",2975.21,2275.79,4227.27,0.0,0.0,9478.27,14377.39,,14453.0,4974.73,34.42,CHANNL,IA77,JAYK,1036,2007-08-17,Fin Closed,CLLIT,,"@1036 / Fabricate (3) identical sets of remote mounted neon illuminated channel letters, 35"" logo, 17.5"" channel letters.",,3,C:\Scripts\keyedin-capture\reports\cost_detail\cost_detail_batch_001.html
1009.2,2114,FIRST REALTY GMAC REAL ESTATE,"WEST DES MOINES, IA",0.0,22.8,50.16,3504.0,0.0,3576.96,4465.15,,4516.0,939.04,20.79,INSTL,IA77,JAYK,1037,2007-08-17,Fin Closed,CLLIT,,"@1037 / Remove (3) identical sets existing remote mounted channel letters from brick veneer. Install (3) new identical sets remote mounted neon illuminated channel letters 35"" logo, 17.5"" channel letters to brick veneer.",,3,C:\Scripts\keyedin-capture\reports\cost_detail\cost_detail_batch_001.html
1009.3,2114,FIRST REALTY GMAC REAL ESTATE,"WEST DES MOINES, IA",269.32,564.98,1097.97,0.0,0.0,1932.27,,,680.0,-1252.27,-184.16,REPFCE,IA77,,,2007-08-17,Fin Closed,,TM - Time & Materials,"@tenant panels / Fabrictate (2) 23""h x 60""w Prudential First Realty tenant panels for existing directory monument sign.",,3,C:\Scripts\keyedin-capture\reports\cost_detail\cost_detail_batch_001.html
1009.4,2114,FIRST REALTY GMAC REAL ESTATE,"WEST DES MOINES, IA",0.0,37.5,82.5,0.0,0.0,120.0,,,117.0,-3.0,-2.56,REPFCE,IA77,,,2007-08-17,Fin Closed,,TM - Time & Materials,"@tenantpanels / Remove (2) 23""h x 60""w First Realty GMAC Real Estate tenant panels from existing directory monument sign and install (2) 23""h x 60""w Prudential First Realty tenant panels into existing directory monument sign.",,3,C:\Scripts\keyedin-capture\reports\cost_detail\cost_detail_batch_001.html
1009.5,2114,FIRST REALTY GMAC REAL ESTATE,"WEST DES MOINES, IA",4.0,61.5,126.77,0.0,0.0,192.27,,,135.0,-57.27,-42.42,VINYL,IA77,,,2007-08-17,Fin Closed,,TM - Time & Materials,@door vinyl / Fabricate & install (1) set Prudential First Realty door vinyl on entry door glass.,,3,C:\Scripts\keyedin-capture\reports\cost_detail\cost_detail_batch_001.html
1009.6,2114,FIRST REALTY GMAC REAL ESTATE,"WEST DES MOINES, IA",0.0,0.0,0.0,0.0,0.0,0.0,,,,,,SRVCE,IA77,,,2007-08-17,Fin Closed,,TM - Time & Materials,@service / Additional charges time & materials to apply grout to silicone caulk in exposed penetrations on (3) elevations. WORK ORDER 1009.6 HAS NO HISTORY,,3,C:\Scripts\keyedin-capture\reports\cost_detail\cost_detail_batch_001.html
10090.1,5788,AVAILA BANK,"COUNCIL BLUFFS, IA",7.49,209.76,373.13,150.0,0.0,740.38,155.0,,310.0,-430.38,-138.83,VINYL,IA78,Adam Fasselius,31084,2021-03-16,Fin Closed,VINYL,,@31084 / ENTRANCE DOOR GLASS: Furnish and apply first surface white vinyl to (2) entrance glass doors. Reference Eagle sketch 0121-31084-00. NOTE: weather must be warm enough for vinyl application.,,3,C:\Scripts\keyedin-capture\reports\cost_detail\cost_detail_batch_001.html
10090.2,5788,AVAILA BANK,"COUNCIL BLUFFS, IA",13.46,34.26,40.47,0.0,0.0,88.19,158.95,,158.95,70.76,44.52,VINYL,IA78,Adam Fasselius,31085,2021-03-16,Fin Closed,VINYL,,@31085 / DRIVE UP WINDOW GLASS: Remove existing. Furnish and apply first surface white vinyl to drive up window glass. Reference Eagle sketch 0121-31085-00.,,3,C:\Scripts\keyedin-capture\reports\cost_detail\cost_detail_batch_001.html
10090.3,5788,AVAILA BANK,"COUNCIL BLUFFS, IA",1.34,31.38,48.95,0.0,0.0,81.67,185.07,,185.07,103.4,55.87,VINYL,IA78,Adam Fasselius,31086,2021-03-16,Fin Closed,VINYL,,"@31086 / NON-LIT DIRECTIONAL: Furnish and apply ""ITM"" vinyl to single sided non-lit directional sign. Reference Eagle sketch 0121-31086-00.",,3,C:\Scripts\keyedin-capture\reports\cost_detail\cost_detail_batch_001.html
10090.4,5788,AVAILA BANK,"COUNCIL BLUFFS, IA",153.72,93.02,108.03,0.0,0.0,354.77,944.34,,1888.68,1533.91,81.22,DRCT,IA78,Adam Fasselius,31087,2021-03-16,Fin Closed,DIRECT,,"@31087 / DRIVE THRU CANOPY: Remove and dispose of current LED OPEN sign. Fabricate and install (2) new LED illuminated signs ""ATM"" and ""ITM"". Reference Eagle sketch 0121-31087-00. NOTE: ELECTRICAL CIRCUITS TO THESE SIGNS BY OTHERS.",,3,C:\Scripts\keyedin-capture\reports\cost_detail\cost_detail_batch_001.html
