Code,Description,Account,Rate,S/U,"Jur
State","Jur
Type",Tax Cap,"Taxable
Amt Cap",,Assoc Tax,"Total 
Rate"
AR,ARKANSAS STATE TAX-070113,2140,6.5000,S,AR,State,,,,,6.5000
ARCADD,CADDO VALLEY AR,2140,10.0000,S,AR,Local,,,,,10.0000
ARCC,ARKANSAS CITY/COUNTY TAX,2140,2.0000,S,AR,County,,,,,2.0000
ARCONS,Conway Arkansas Sales,2140,8.7500,S,AR,Local,,,,,8.7500
ARCRAW,Crawford county,2140,1.7500,S,AR,County,,,,,1.7500
ARFORT,Fort Smith Arkansas,2140,2.0000,S,AR,Local,,,,AR. ARSEBA,9.7500
ARFRAN,FRANKLIN COUNTY,2140,2.0000,S,AR,Local,,,,,2.0000
ARJEFF,Jefferson AR,2140,1.2500,S,AR,Local,,,,,1.2500
ARLITT,Little Rock Sales Tax Arkansas,2140,9.0000,S,AR,Local,,,,,9.0000
ARMILS,MILLER COUNTY ARKANSAS SALES,2140,1.2500,S,AR,County,,,,,1.2500
ARNLIT,North Little Rock Arkansas,2140,2.0000,S,AR,Local,,,,AR. ARPULA,9.5000
AROZAR,OZARK ARKANSAS,2140,2.0000,S,AR,Local,,,,AR. ARFRAN,10.5000
ARPINE,Pine Bluff AR,2140,2.2500,S,AR,Local,,,,AR. ARJEFF,10.0000
ARPOPE,POPE COUNTY ARKANSAS,2140,1.0000,S,AR,County,,,,,1.0000
ARPULA,Pulaski county Arkansas Sales,2140,1.0000,S,AR,County,,,,,1.0000
ARRTEX,TEXARKANA SALES TAX,2140,10.2500,S,AR,Local,,,,,10.2500
ARRUSS,Russellville Arkansas,2140,1.5000,S,AR,Local,,,,AR. ARPOPE,9.0000
ARSALS,Saline Arkansas,2140,0.3750,S,AR,Local,,,,AR,6.8750
ARSEAR,Searcy Arkansas,2140,9.7500,S,AR,Local,,,,,9.7500
ARSEBA,Sebastian Arkansas,2140,1.2500,S,AR,County,,,,,1.2500
ARSHER,Sherwood Arkansas Sales Tax,2140,1.0000,S,AR,Local,,,,AR. ARPULA,8.5000
ARSPRI,Springdale Arkansas Sales Tax,2140,2.0000,S,AR,Local,,,,AR. ARWASH,9.7500
ARVAN,Van Buren,2140,2.0000,S,AR,Local,,,,AR. ARCRAW,10.2500
ARWASH,Washington County,2140,1.2500,S,AR,County,,,,,1.2500
XX,CA,DO NOT USE AFTER 06/30/11,2140,8.2500,S,CA,,,,,,8.2500
CABAK,Bakersfield CA,2140,8.2500,S,CA,Local,,,,,8.2500
CACHIN,Chino CA Sales,2140,8.7500,S,CA,Local,,,,,8.7500
CACLOV,Clovis CA,2140,7.9750,S,CA,Local,,,,,7.9750
CAFRES,Fresno CA,2140,8.3500,S,CA,Local,,,,,8.3500
CAJUR,JURUPA VALLEY CA,2140,7.7500,S,CA,Local,,,,,7.7500
CALODI,LODI CA,2140,8.2500,S,CA,Local,,,,,8.2500
CALOSA,Los Angeles California,2140,2.2500,S,CA,Local,,,,CASLS,9.5000
CAMODE,MODESTO CA,2140,7.8750,S,CA,Local,,,,,7.8750
CANOTT,CA NOT TAXABLE,2140,0.0000,U,CA,,,,,,0.0000
CAORAN,Orange county California,2140,0.5000,S,CA,County,,,,CASLS,7.7500
CAPALM,Palm Springs CA,2140,9.2500,S,CA,Local,,,,,9.2500
CAREDS,Redding CA Tax,2140,7.2500,S,CA,Local,,,,,7.2500
CARIV,Riverside California,2140,1.5000,S,CA,Local,,,,CASLS,8.7500
CASACR,Sacramento CA,2140,8.7500,S,CA,Local,,,,,8.7500
CASADI,San Diego California Tax,2140,1.5000,S,CA,Local,,,,CASLS,8.7500
CASAN,San Francisco CA TAX,2140,1.2500,S,CA,Local,,,,CASLS,8.5000
CASANB,San Bernadino CA Tax,2140,0.5000,S,CA,Local,,,,CASLS,7.7500
CASANF,SANTA FE SPRINGS CA,2140,10.5000,S,CA,Local,,,,,10.5000
CASANT,Santa Clara California County,2140,1.2500,S,CA,County,,,,CASLS,8.5000
CASANU,SANTA CLARA CA USE TAX,2140,8.0000,U,CA,Local,,,,,8.0000
CASARO,SANTA ROSA CALIFORNIA,2140,0.2500,S,CA,Local,,,,CASLS. CASON,8.2500
CASLS,California Sales Tax,2140,7.2500,S,CA,State,,,,,7.2500
CASON,Sonoma County,2140,0.7500,S,CA,County,,,,CASLS,8.0000
CASTAN,Stanislaus County CA,2140,0.1250,S,CA,County,,,,CASLS,7.3750
CASTOC,Stockton California,2140,9.0000,S,CA,Local,,,,,9.0000
CATHOU,Thousand Palms California,2140,7.7500,S,CA,Local,,,,,7.7500
CATULA,TULARE CA,2140,8.2500,S,CA,Local,,,,,8.2500
CATURL,Turlock California Tax,2140,0.1250,S,CA,Local,,,,CASLS,7.3750
CAVAS,Visalia CA sales tax,2140,8.5000,S,CA,Local,,,,,8.5000
CAVICT,Victorville CA,2140,8.7500,S,CA,Local,,,,,8.7500
CAWEED,Weed CA Sales Tax,2140,7.5000,S,CA,Local,,,,,7.5000
CO,COLORADO RETAILERS USE TAX,2140,2.9000,U,CO,State,,,,,2.9000
COBERT,Berthoud Sales tax,2140,6.9000,S,CO,Local,,,,,6.9000
COBOUL,Boulder CO,2140,0.8000,U,CO,Local,,,,,0.8000
CODENS,Denve CO Sales,2140,5.1500,S,CO,Local,,,,COSALE. COSPES,9.1500
COEAGS,Eagle CO Sales,2140,6.0000,S,CO,Local,,,,COSALE,8.9000
COEVAN,Evans CO Sales Tax,2140,4.5000,S,CO,Local,,,,COSALE,7.4000
COGRAJ,GRAND JUNCTION CO,2140,3.2500,S,CO,Local,,,,COSALE. COMESA,8.5200
COLONG,Longmont CO use,2140,3.2750,U,CO,Local,,,,CO. COSC. COBOUL,8.0750
COLOVE,Loveland CO Sales,2140,6.7000,S,CO,Local,,,,,6.7000
COMESA,MESA COUNTY,2140,2.3700,S,CO,Local,,,,,2.3700
COPUEB,PUEBLO CO SALES TAX,2140,7.6000,S,CO,Local,,,,,7.6000
CORTD,RTD FD CD,2140,1.0000,U,CO,,,,,CO,3.9000
COSALE,Colorado Sales Tax,2140,2.9000,S,CO,State,,,,,2.9000
COSC,SC and RTD,2140,1.1000,U,CO,,,,,,1.1000
COSPES,Colorado Special District Sales,2140,1.1000,S,CO,Local,,,,,1.1000
DONATI,DONATION,2140,0.0000,S,IA,Local,,,,,0.0000
FLAGIA,FLAG POLE IA,2140,0.0000,S,IA,,0.00,,,,0.0000
XX,GOV,DO NOT USE,2140,5.0000,U,IA,State,,,,SCHUSE,6.0000
GOVT,Governmental 05-12-08,2140,0.0000,S,IA,State,,,,,0.0000
XX,IA,5% Iowa Sales Tax,2140,5.0000,S,IA,State,,,,,5.0000
IA01,IA Option Tax,2140,1.0000,S,IA,County,,,,IA6,7.0000
XX,IA01S,01 School Tax,2140,1.0000,S,IA,County,,,,,1.0000
IA02,02 Option Tax,2140,1.0000,S,IA,County,,,,IA6,7.0000
XX,IA02S,02 School Tax,2140,1.0000,S,IA,County,,,,,1.0000
IA03,03 Option Tax,2140,1.0000,S,IA,County,,,,IA6,7.0000
XX,IA03S,03 School Tax,2140,1.0000,S,IA,County,,,,,1.0000
IA04,04 Option Tax,2140,1.0000,S,IA,County,,,,IA6,7.0000
XX,IA04S,04 School Tax,2140,1.0000,S,IA,County,,,,,1.0000
IA05,05 Option Tax,2140,1.0000,S,IA,County,,,,IA6,7.0000
XX,IA05S,05 School Tax,2140,1.0000,S,IA,County,,,,,1.0000
XX,IA06,06 School Tax,2140,1.0000,S,IA,County,,,,IA,6.0000
IA06OP,06 Option Tax,2140,1.0000,S,IA,County,,,,IA6,7.0000
IA07,07 Option Tax,2140,1.0000,S,IA,County,,,,IA6,7.0000
XX,IA07S,07 School Tax,2140,1.0000,S,IA,County,,,,,1.0000
IA08,IA 08 Option Tax,2140,1.0000,S,IA,County,,,,IA6,7.0000
XX,IA08S,IA 08 School Tax,2140,1.0000,S,IA,County,,,,,1.0000
IA09,09 Option Tax,2140,1.0000,S,IA,County,,,,IA6,7.0000
XX,IA09S,09 School Tax,2140,1.0000,S,IA,County,,,,,1.0000
IA10,10 Option Tax,2140,1.0000,S,IA,County,,,,IA6,7.0000
XX,IA10S,10 School Tax,2140,1.0000,S,IA,County,,,,,1.0000
IA11,IA 11 Option Tax,2140,1.0000,S,IA,County,,,,IA6,7.0000
XX,IA11S,IA 11 School Tax,2140,1.0000,S,IA,County,,,,,1.0000
IA12,12 Option Tax,2140,1.0000,S,IA,County,,,,IA6,7.0000
XX,IA12S,12 School Tax,2140,1.0000,S,IA,County,,,,,1.0000
XX,IA13,13 School Tax,2140,1.0000,S,IA,County,,,,IA,6.0000
IA13OP,13 Option Tax,2140,1.0000,S,IA,County,,,,IA6,7.0000
IA14,14 Option Tax,2140,1.0000,S,IA,County,,,,IA6,7.0000
XX,IA14S,14 School Tax,2140,1.0000,S,IA,County,,,,,1.0000
IA15,15 Option Tax,2140,1.0000,S,IA,County,,,,IA6,7.0000
XX,IA15S,15 School Tax,2140,1.0000,S,IA,County,,,,,1.0000
IA16,16 Option Tax,2140,1.0000,S,IA,County,,,,IA6,7.0000
XX,IA16S,16 School Tax,2140,1.0000,S,IA,County,,,,,1.0000
IA17,17 Option Tax,2140,1.0000,S,IA,County,,,,IA6,7.0000
XX,IA17S,17 School Tax,2140,1.0000,S,IA,County,,,,,1.0000
IA18,IA 18 Option Tax,2140,1.0000,S,IA,County,,,,IA6,7.0000
XX,IA18S,IA 18 School Tax,2140,1.0000,S,IA,County,,,,,1.0000
IA19,19 Option Tax,2140,1.0000,S,IA,County,,,,IA6,7.0000
XX,IA19S,19 School Tax,2140,1.0000,S,IA,County,,,,,1.0000
IA20,IA 20 Option Tax,2140,1.0000,S,IA,County,,,,IA6,7.0000
XX,IA20S,IA 20 School Tax,2140,1.0000,S,IA,County,,,,,1.0000
IA21,21 Option Tax,2140,1.0000,S,IA,County,,,,IA6,7.0000
XX,IA21S,21 School Tax,2140,1.0000,S,IA,County,,,,,1.0000
IA22,22 Option Tax,2140,1.0000,S,IA,County,,,,IA6,7.0000
XX,IA22S,22 School Tax,2140,1.0000,S,IA,County,,,,,1.0000
IA23,23 Option Tax,2140,1.0000,S,IA,County,,,,IA6,7.0000
XX,IA23S,23 School Tax,2140,1.0000,S,IA,County,,,,,1.0000
IA24,24 Option Tax,2140,1.0000,S,IA,County,,,,IA6,7.0000
XX,IA24S,24 School Tax,2140,1.0000,S,IA,County,,,,,1.0000
XX,IA25,25 SCHOOL TAX,2140,1.0000,S,IA,Local,,,,IA,6.0000
IA25O7,IA25 Option 7%,2140,1.0000,S,IA,Local,,,,IA6,7.0000
IA25OP,25 Option Tax 6%,2140,0.0000,S,IA,Local,,,,IA6,6.0000
IA26,26 Option Tax,2140,1.0000,S,IA,County,,,,IA6,7.0000
XX,IA26S,26 School Tax,2140,1.0000,S,IA,County,,,,,1.0000
IA27,27 Option Tax,2140,1.0000,S,IA,County,,,,IA6,7.0000
XX,IA27S,27 School Tax,2140,1.0000,S,IA,County,,,,,1.0000
IA28,28 Option Tax,2140,1.0000,S,IA,County,,,,IA6,7.0000
XX,IA28S,28 School Tax,2140,1.0000,S,IA,County,,,,,1.0000
IA29,29 Option Tax,2140,1.0000,S,IA,County,,,,IA6,7.0000
XX,IA29S,29 School Tax,2140,1.0000,S,IA,County,,,,,1.0000
IA30,IA 30 Option Tax,2140,1.0000,S,IA,County,,,,IA6,7.0000
XX,IA30S,IA 30 School Tax,2140,1.0000,S,IA,County,,,,,1.0000
IA31,31 Option Tax,2140,1.0000,S,IA,County,,,,IA6,7.0000
XX,IA31S,31 School Tax,2140,1.0000,S,IA,County,,,,,1.0000
IA32,32 Option Tax,2140,1.0000,S,IA,County,,,,IA6,7.0000
XX,IA32S,32 School Tax,2140,1.0000,S,IA,County,,,,,1.0000
IA33,33 Option Tax,2140,1.0000,S,IA,County,,,,IA6,7.0000
XX,IA33S,33 School Tax,2140,1.0000,S,IA,County,,,,,1.0000
IA34,34 Option Tax,2140,1.0000,S,IA,County,,,,IA6,7.0000
XX,IA34S,34 School Tax,2140,1.0000,S,IA,County,,,,,1.0000
IA35,35 Option Tax,2140,1.0000,S,IA,County,,,,IA6,7.0000
XX,IA35S,35 School Tax,2140,1.0000,S,IA,County,,,,,1.0000
IA36,36 Option Tax,2140,1.0000,S,IA,County,,,,IA6,7.0000
XX,IA36S,36 School Tax,2140,1.0000,S,IA,County,,,,,1.0000
IA37,37 Option Tax,2140,1.0000,S,IA,County,,,,IA6,7.0000
XX,IA37S,37 School Tax,2140,1.0000,S,IA,County,,,,,1.0000
IA38,38 Option Tax,2140,1.0000,S,IA,County,,,,IA6,7.0000
XX,IA38S,38 School Tax,2140,1.0000,S,IA,County,,,,,1.0000
IA39,39 Option Tax,2140,1.0000,S,IA,County,,,,IA6,7.0000
XX,IA39S,39 School Tax,2140,1.0000,S,IA,County,,,,,1.0000
IA40,40 Option Tax,2140,1.0000,S,IA,County,,,,IA6,7.0000
XX,IA40S,40 School Tax,2140,1.0000,S,IA,County,,,,,1.0000
IA41,41 Option Tax,2140,1.0000,S,IA,County,,,,IA6,7.0000
XX,IA41S,41 School Tax,2140,1.0000,S,IA,County,,,,,1.0000
IA42,42 Option Tax,2140,1.0000,S,IA,County,,,,IA6,7.0000
XX,IA42S,42 School Tax,2140,1.0000,S,IA,County,,,,,1.0000
IA43,43 Option Tax,2140,1.0000,S,IA,County,,,,IA6,7.0000
XX,IA43S,43 School Tax,2140,1.0000,S,IA,County,,,,,1.0000
IA44,44 Option Tax,2140,1.0000,S,IA,County,,,,IA6,7.0000
XX,IA44S,44 School Tax,2140,1.0000,S,IA,County,,,,,1.0000
IA45,45 Option Tax,2140,1.0000,S,IA,County,,,,IA6,7.0000
XX,IA45S,45 School Tax,2140,1.0000,S,IA,County,,,,,1.0000
IA46,46 Option Tax,2140,1.0000,S,IA,County,,,,IA6,7.0000
XX,IA46S,46 School Tax,2140,1.0000,S,IA,County,,,,,1.0000
IA47O,47 OPTION TAX 7.1.09,2140,1.0000,S,IA,County,,,,IA6,7.0000
XX,IA47OP,DO NOT USE NEW RT 7.1.09,2140,0.0000,S,IA,County,,,,IA6,6.0000
XX,IA47S,47 School Tax,2140,1.0000,S,IA,County,,,,IA,6.0000
IA48,48 Option Tax,2140,1.0000,S,IA,County,,,,IA6,7.0000
XX,IA48S,48 School Tax,2140,1.0000,S,IA,County,,,,,1.0000
IA49,49 Option Tax,2140,1.0000,S,IA,County,,,,IA6,7.0000
XX,IA49S,49 School Tax,2140,1.0000,S,IA,County,,,,,1.0000
IA50,50 Option Tax,2140,1.0000,S,IA,County,,,,IA6,7.0000
XX,IA50S,IA 50 School Tax,2140,1.0000,S,IA,County,,,,,1.0000
IA51,51 Option Tax,2140,1.0000,S,IA,County,,,,IA6,7.0000
XX,IA51S,51 School Tax,2140,1.0000,S,IA,County,,,,,1.0000
XX,IA52,52 School Tax,2140,1.0000,S,IA,County,,,,IA,6.0000
IA52O,52 OPTION TAX 7.1.09,2140,1.0000,S,IA,County,,,,IA6,7.0000
IA52OP,52 - 6% option,2140,0.0000,S,IA,County,,,,IA6,6.0000
IA53,53 Option Tax,2140,1.0000,S,IA,Local,,,,IA6,7.0000
XX,IA53S,53 School Tax,2140,1.0000,S,IA,County,,,,,1.0000
IA54,54 Option Tax,2140,1.0000,S,IA,County,,,,IA6,7.0000
XX,IA54S,54 School Tax,2140,1.0000,S,IA,County,,,,,1.0000
IA55,55 Option Tax,2140,1.0000,S,IA,County,,,,IA6,7.0000
XX,IA55S,55 School Tax,2140,1.0000,S,IA,County,,,,,1.0000
IA56,56 Option Tax,2140,1.0000,S,IA,County,,,,IA6,7.0000
XX,IA56S,56 School,2140,1.0000,S,IA,County,,,,,1.0000
XX,IA57,DO NOT USE,2140,5.0000,S,IA,County,,,,,5.0000
IA57O,Linn County LOST 1%,2140,1.0000,S,IA,County,,,,IA6,7.0000
XX,IA57OP,DO NOT USE NEW RT 7.1.09,2140,0.0000,S,IA,County,,,,IA6,6.0000
XX,IA57SC,57 School,2140,1.0000,S,IA,County,,,,IA,6.0000
IA58,58 Option Tax,2140,1.0000,S,IA,County,,,,IA6,7.0000
XX,IA58S,58 School Tax,2140,1.0000,S,IA,County,,,,,1.0000
IA59,59 Optioin Tax,2140,1.0000,S,IA,County,,,,IA6,7.0000
XX,IA59S,59 School Tax,2140,1.0000,S,IA,County,,,,,1.0000
IA6,6% IA SALES TAX,2140,6.0000,S,IA,County,,,,,6.0000
IA60,60 Option Tax,2140,1.0000,S,IA,County,,,,IA6,7.0000
XX,IA60S,60 School Tax,2140,1.0000,S,IA,County,,,,,1.0000
IA61,IA 61 Option Tax,2140,1.0000,S,IA,County,,,,IA6,7.0000
XX,IA61S,IA 61 School Tax,2140,1.0000,S,IA,County,,,,,1.0000
IA62,62 Option Tax,2140,1.0000,S,IA,County,,,,IA6,7.0000
XX,IA62S,62 School Tax,2140,1.0000,S,IA,County,,,,,1.0000
IA63,IA 63 Option Tax,2140,1.0000,S,IA,County,,,,IA6,7.0000
XX,IA63S,IA 63 School Tax,2140,1.0000,S,IA,County,,,,,1.0000
IA64,64 Option Tax,2140,1.0000,S,IA,County,,,,IA6,7.0000
XX,IA64S,64 School Tax,2140,1.0000,S,IA,County,,,,,1.0000
IA65,65 Option Tax,2140,1.0000,S,IA,County,,,,IA6,7.0000
XX,IA65S,65 School Tax,2140,1.0000,S,IA,County,,,,,1.0000
IA66,66 Option Tax,2140,1.0000,S,IA,County,,,,IA6,7.0000
XX,IA66S,66 School,2140,1.0000,S,IA,County,,,,,1.0000
IA67,67 Option Tax,2140,1.0000,S,IA,County,,,,IA6,7.0000
XX,IA67S,67 School Tax,2140,1.0000,S,IA,County,,,,,1.0000
IA68,68 Option Tax,2140,1.0000,S,IA,County,,,,IA6,7.0000
XX,IA68S,68 School Tax,2140,1.0000,S,IA,County,,,,,1.0000
IA69,69 Option Tax,2140,1.0000,S,IA,County,,,,IA6,7.0000
XX,IA69S,69 School Tax,2140,1.0000,S,IA,County,,,,,1.0000
IA70,70 Option Tax,2140,1.0000,S,IA,County,,,,IA6,7.0000
XX,IA70S,70 School Tax,2140,1.0000,S,IA,County,,,,,1.0000
IA71,71 Option Tax,2140,1.0000,S,IA,County,,,,IA6,7.0000
XX,IA71S,71 School Tax,2140,1.0000,S,IA,County,,,,,1.0000
XX,IA72,72 School Tax,2140,1.0000,S,IA,County,,,,IA,6.0000
IA72OP,72 Option Tax,2140,0.0000,S,IA,Local,,,,IA6,6.0000
IA73,73 Option Tax,2140,1.0000,S,IA,County,,,,IA6,7.0000
XX,IA73S,73 School Tax,2140,1.0000,S,IA,County,,,,,1.0000
IA74,74 Option Tax,2140,1.0000,S,IA,County,,,,IA6,7.0000
XX,IA74S,74 School Tax,2140,1.0000,S,IA,County,,,,,1.0000
IA75,75 Option Tax,2140,1.0000,S,IA,County,,,,IA6,7.0000
XX,IA75S,75 School Tax,2140,1.0000,S,IA,County,,,,,1.0000
IA76,76 Option Tax,2140,1.0000,S,IA,County,,,,IA6,7.0000
XX,IA76S,76 School Tax,2140,1.0000,S,IA,County,,,,,1.0000
XX,IA77,77 School Tax,2140,1.0000,S,IA,County,,,,IA,6.0000
IA77O7,IA 77 Option 7% tax,2140,1.0000,S,IA,Local,,,,IA6,7.0000
IA77OP,77 0 Option Tax 6%tax,2140,0.0000,S,IA,County,,,,IA6,6.0000
XX,IA77S,DO NOT USE,2140,1.0000,U,IA,County,,,,,1.0000
IA78,IA 78 Option Tax,2140,1.0000,S,IA,County,,,,IA6,7.0000
XX,IA78S,IA 78 School Tax,2140,1.0000,S,IA,County,,,,,1.0000
IA79,79 Option Tax,2140,1.0000,S,IA,County,,,,IA6,7.0000
XX,IA79S,79 School Tax,2140,1.0000,S,IA,County,,,,,1.0000
IA80,80 Option Tax,2140,1.0000,S,IA,County,,,,IA6,7.0000
XX,IA80S,80 School Tax,2140,1.0000,S,IA,County,,,,,1.0000
IA81,81 Option Tax,2140,1.0000,S,IA,County,,,,IA6,7.0000
XX,IA81S,81 School Tax,2140,1.0000,S,IA,County,,,,,1.0000
IA82,82 Option Tax,2140,1.0000,S,IA,County,,,,IA6,7.0000
XX,IA82S,82 School Tax,2140,1.0000,S,IA,County,,,,,1.0000
IA83,83 Option Tax,2140,1.0000,S,IA,County,,,,IA6,7.0000
XX,IA83S,83 School Tax,2140,1.0000,S,IA,County,,,,,1.0000
IA84,84 Option Tax,2140,1.0000,S,IA,County,,,,IA6,7.0000
XX,IA84S,84 School Tax,2140,1.0000,S,IA,County,,,,,1.0000
IA85,IA 85 Option Tax,2140,1.0000,S,IA,County,,,,IA6,7.0000
XX,IA85S,IA 85 School Tax,2140,1.0000,S,IA,County,,,,,1.0000
IA86,86 Option Tax,2140,1.0000,S,IA,County,,,,IA6,7.0000
XX,IA86S,86 School Tax,2140,1.0000,S,IA,County,,,,,1.0000
IA87,87 Option Tax,2140,1.0000,S,IA,County,,,,IA6,7.0000
XX,IA87S,87 School Tax,2140,1.0000,S,IA,County,,,,,1.0000
IA88,88 Option Tax,2140,1.0000,S,IA,County,,,,IA6,7.0000
XX,IA88S,88 School Tax,2140,1.0000,S,IA,County,,,,,1.0000
IA89,89 Option Tax,2140,1.0000,S,IA,County,,,,IA6,7.0000
XX,IA89S,89 School,2140,1.0000,S,IA,County,,,,,1.0000
IA90,90 Option Tax,2140,1.0000,S,IA,County,,,,IA6,7.0000
XX,IA90S,90 School Tax,2140,1.0000,S,IA,County,,,,,1.0000
XX,IA91,91 School Tax,2140,1.0000,S,IA,County,,,,IA,6.0000
IA91O,IA 91 1% option,2140,1.0000,S,IA,Local,,,,IA6,7.0000
IA91OP,91 Option Tax,2140,0.0000,S,IA,County,,,,IA6,6.0000
IA92,92 Option Tax,2140,1.0000,S,IA,County,,,,IA6,7.0000
XX,IA92S,92 School Tax,2140,1.0000,S,IA,County,,,,,1.0000
IA93,93 Option Tax,2140,1.0000,S,IA,County,,,,IA6,7.0000
XX,IA93S,93 School Tax,2140,1.0000,S,IA,County,,,,,1.0000
XX,IA94,DO NOT USE NEW RT 7.1.09,2140,0.5000,S,IA,County,,,,IA6,6.5000
IA94O,94 Option Tax,2140,1.0000,S,IA,County,,,,IA6,7.0000
XX,IA94S,94 School Tax,2140,0.5000,S,IA,County,,,,,0.5000
IA95,95 Option Tax,2140,1.0000,S,IA,County,,,,IA6,7.0000
XX,IA95S,95 School Tax,2140,1.0000,S,IA,County,,,,,1.0000
IA96,96 Option Tax,2140,1.0000,S,IA,County,,,,IA6,7.0000
XX,IA96S,96 School Tax,2140,1.0000,S,IA,County,,,,,1.0000
IA97,97 Option Tax,2140,1.0000,S,IA,County,,,,IA6,7.0000
XX,IA97S,97 School Tax,2140,1.0000,S,IA,County,,,,,1.0000
IA98,98 Option Tax,2140,1.0000,S,IA,County,,,,IA6,7.0000
XX,IA98S,98 School Tax,2140,1.0000,S,IA,County,,,,,1.0000
IA99,99 Option Tax,2140,1.0000,S,IA,County,,,,IA6,7.0000
XX,IA99S,99 School,2140,1.0000,S,IA,County,,,,,1.0000
IAREMO,REMODEL SIGNIFICANT IA,2140,7.0000,U,IA,Local,,,,,7.0000
XX,IAUSE,DO NOT USE,2140,5.0000,U,IA,State,,,,IA77S,6.0000
XX,IAUSE6,6% Iowa Use Tax,2140,6.0000,U,IA,State,,,,,6.0000
IAUSTX,Iowa 7 % USE,2140,7.0000,S,IA,Local,,,,,7.0000
IC,INTERSTATE COMMERCE,2140,0.0000,S,IA,,,,,,0.0000
IL,ILLINOIS SALES,2140,6.2500,S,IL,State,,,,,6.2500
ILLASA,La Salle IL Sales Tax,2140,7.5000,S,IL,Local,,,,,7.5000
XX,ILNORM,DO NOT USE,2140,1.2500,S,IL,,,,,IL,7.5000
ILRESA,IL RESALE,2140,0.0000,S,IL,Local,,,,,0.0000
ILROCU,Rochelle IL Use tax Warranty,2140,7.0000,U,IL,Local,,,,,7.0000
XX,ILSCHA,DO NOT USE,2140,2.5000,S,IL,,,,,IL,8.7500
ILUSE,IL use tax,2140,6.2500,U,IL,State,,,,,6.2500
XX,KS,DO NOT USE OLD RATE,2140,5.3000,S,KS,State,,,,,5.3000
KSAUGU,Augusta KS,2140,0.2250,S,KS,Local,,,,KSSAL,6.7250
KSBUTL,Butler County KS,2140,0.2500,S,KS,County,,,,,0.2500
KSCITY,Kansas City Kansas,2140,1.6250,S,KS,Local,,,,KSSAL. KSWYAN,9.1250
KSCOLB,Colby Kansas,2140,0.7500,S,KS,Local,,,,KSTHOM. KSSAL,9.0000
KSEDGE,EDGERTON KS,2140,8.9750,S,KS,Local,,,,,8.9750
KSELDO,El Dorado KS,2140,1.0000,S,KS,Local,,,,KSSAL,7.5000
KSFTRI,Fort Riley Kansas,2140,1.0000,S,,,,,,KSSAL,7.5000
KSGARD,GARDNER KANSAS,2140,1.5000,S,KS,Local,,,,KSJOHN. KSSAL,9.4750
KSGREE,Greenwood County KS,2140,7.5000,S,KS,County,,,,,7.5000
KSJOHN,Johnston County KS,2140,1.4750,S,KS,County,,,,,1.4750
KSLENS,Lenexa KS,2140,9.3500,S,KS,Local,,,,,9.3500
KSLIBS,Liberal KS Sales,2140,9.2500,S,KS,Local,,,,,9.2500
KSMADS,Madison KS,2140,7.5000,S,KS,Local,,,,,7.5000
KSOLAT,OLATHE KS SALES TAX,2140,1.5000,S,KS,Local,,,,KSJOHN. KSSAL,9.4750
KSOVER,Overland Park KS,2140,1.1250,S,KS,Local,,,,KSJOHN. KSSAL,9.1000
KSPRAI,Prairie Village Sales Tax,2140,1.0000,S,KS,Local,,,,KSJOHN. KSSAL,8.9750
KSSAL,KANSAS SALES TAX,2140,6.5000,S,KS,State,,,,,6.5000
KSSALI,Salina KS Sales Tax,2140,9.2500,S,KS,Local,,,,,9.2500
KSSALU,SALINA KS USE TAX,2140,8.0500,U,KS,Local,,,,,8.0500
KSSHAW,SHAWNEE KANSAS,2140,1.2500,S,KS,Local,,,,KSJOHN. KSSAL,9.2250
KSTHOM,Thomas County,2140,1.7500,S,KS,Local,,,,,1.7500
KSTOPE,Topeka Kansas,2140,2.6500,S,KS,Local,,,,KSSAL,9.1500
KSWICH,Wichita Kansas Sales Tax,2140,1.0000,S,KS,Local,,,,KSSAL,7.5000
KSWYAN,Wyandotte Kansas,2140,1.0000,S,KS,County,,,,,1.0000
XX,MN,DO NOT USE OLD RATE,2140,6.5000,S,MN,State,,,,,6.5000
MNBAX,Baxter Sales Tax,2140,0.5000,S,,,,,,MNSLS,7.3750
MNBEMI,BEMIDJI MINNESOTA,2140,0.5000,S,MN,County,,,,MNSLS,7.3750
MNBLS,Blaine MN Sales Tax,2140,8.1250,S,MN,Local,,,,,8.1250
MNDAK,Dakota MN Tax,2140,0.0000,S,,,,,,MNSLS. MNTRAN,7.1250
MNDUL,Duluth City Tax,2140,1.0000,S,MN,Local,,,,MNSLS,7.8750
MNHEN,Hennepin County Tax,2140,0.1500,S,MN,County,,,,MNSLS. MNTRAN,7.2750
MNHENU,Hennepin Use Tax,2140,0.1500,U,MN,County,,,,MNUSE. MNTRUS,7.2750
MNINVS,INVER GROVE HEIGHTS SLS TAX,2140,8.1250,S,MN,Local,,,,,8.1250
MNMANK,Mankato Sales Tax,2140,1.0000,S,MN,Local,,,,MNSLS,7.8750
MNMANU,Mankato MN Use Tax,2140,0.5000,U,,,,,,MNUSE,7.3750
MNMNU,Minneapolis MN Use,2140,0.5000,U,,,,,,MNTRUS. MNHENU. MNUSE,7.7750
MNRAMS,Ramsey County Transit,2140,0.5000,S,MN,Local,,,,MNSLS,7.3750
MNROC,Rochester City Tax,2140,0.5000,S,MN,Local,,,,MNSLS,7.3750
MNSLS,Minnesota Sales Tax 7.1.09,2140,6.8750,S,MN,State,,,,,6.8750
MNSTEU,Steele CO Use tax,2140,7.3750,S,MN,Local,,,,,7.3750
MNSTPS,St Paul MN Sales Tax,2140,8.8750,S,MN,Local,,,,,8.8750
MNTRAN,MN Transit Improvement Tax,2140,0.2500,S,MN,,,,,MNSLS,7.1250
MNTRUS,MN Transit Use Tax,2140,0.2500,U,MN,,,,,MNUSE,7.1250
MNUSE,Minnesota Use Tax,2140,6.8750,U,MN,State,,,,,6.8750
MO,MISSOURI USE TAX,2140,5.6000,U,MO,State,,,,,5.6000
MOBETH,Bethany MO use tax,2140,5.4750,U,MO,Local,,,,,5.4750
MOBLUE,"Blue Springs, MO",2140,4.2250,U,MO,Local,,,,,4.2250
MOCAM,CAMPBELL MO,2140,8.2875,S,MO,Local,,,,,8.2875
MOCAME,Cameron MO Use Tax,2140,6.7250,U,MO,Local,,,,,6.7250
MOCAMS,Cameron MO Vendor Tax,2140,6.7250,S,MO,Local,,,,,6.7250
MOCHAR,Charleston MO Use,2140,4.2250,U,MO,Local,,,,,4.2250
MOGRAI,Grain Valley MO,2140,4.2250,U,MO,,,,,,4.2250
MOGREE,Greene County MO,2140,0.7500,U,MO,County,,,,MO,6.3500
MOHARR,Harrison County MO,2140,5.4750,U,,,,,,,5.4750
MOINDE,Independence MO,2140,5.1000,U,MO,Local,,,,,5.1000
MOJAME,Jamesport MO,2140,5.7250,U,MO,Local,,,,,5.7250
MOJEFF,Jefferson City Use,2140,5.7250,U,MO,Local,,,,,5.7250
MOJOP,Joplin Missouri Use Tax,2140,4.2250,U,MO,County,,,,,4.2250
MOJOPS,Joplin MO Tax,2140,8.9250,S,MO,Local,,,,,8.9250
MOKCS,Kansas City MO Sales,2140,8.6000,S,MO,Local,,,,,8.6000
MOKSCU,Kansas City MO Use,2140,8.4750,U,MO,,,,,,8.4750
MOLEE,Lee's Summit MO,2140,4.2250,U,MO,Local,,,,,4.2250
MOLIBE,LIBERTY MO,2140,5.1000,U,MO,Local,,,,,5.1000
MOMERC,Mercier County MO,2140,0.8750,U,MO,Local,,,,MO,6.4750
MONEVS,NEVADA MO SALES TAX,2140,8.2250,S,MO,Local,,,,,8.2250
MOPRIN,Princeton MO,2140,8.4750,U,MO,Local,,,,,8.4750
MOROLL,Rolla MO,2140,7.6000,S,MO,Local,,,,,7.6000
MOSTJO,St Joseph MO Sales Tax,2140,9.7100,S,MO,Local,,,,,9.7100
MOSTL,St Louis MO,2140,9.0130,U,MO,Local,,,,,9.0130
MOSTLO,ST Louis County MO,2140,0.1250,U,MO,County,,,,MO,5.7250
MOSTLS,ST. Louis MO Sales Tax,2140,9.6790,S,MO,Local,,,,,9.6790
MOTREN,TENTON MO COUNTY,2140,4.2250,U,MO,,,,,,4.2250
MOUNIO,UNIONVILLE-PUTNUM,2140,9.1000,U,MO,Local,,,,,9.1000
MOUNIS,UNIONVILLE-PUTNUM Sales,2140,8.1000,S,MO,Local,,,,,8.1000
MOVILL,Villa Ridge,2140,4.2250,U,MO,Local,,,,,4.2250
MOVILS,Villa Ridge MO Sales,2140,6.9750,S,MO,Local,,,,,6.9750
MOWARR,Warren county MO,2140,5.7250,U,MO,County,,,,,5.7250
MOWARS,Warrensburg MO,2140,8.8500,S,MO,Local,,,,,8.8500
MOWASH,Washinton MO Sales tax,2140,8.8500,S,MO,Local,,,,,8.8500
MOWILL,Willow Springs MO,2140,8.6600,S,MO,Local,,,,,8.6600
MT,Montana Sales/Use Tax 0%,2140,0.0000,U,MT,Local,,,,,0.0000
ND,NORTH DAKOTA SALES,2140,5.0000,S,ND,State,,,,,5.0000
NDALEX,Alexander North Dakota Sales,2140,2.0000,S,ND,Local,,,,ND,7.0000
NDBEAC,BEACH ND SALES TAX,2140,1.0000,S,ND,Local,,,,ND,6.0000
NDBISM,Bismark ND sales,2140,8.0000,S,ND,Local,,,,,8.0000
NDCASS,Cass County ND,2140,0.5000,S,ND,County,,,,,0.5000
NDFARG,Fargo ND Sales Tax,2140,2.0000,S,,Local,,,,ND. NDCASS,7.5000
NDGFOR,Grand Forks ND,2140,1.7500,U,ND,Local,,,,NEUSE,7.2500
NDGRAS,Grand Forks ND Sales,2140,2.2500,S,ND,Local,,,,ND,7.2500
NDJAME,North Dakota,2140,2.0000,U,ND,Local,,,,NDUSE,7.0000
NDJAMS,Jamestown North Dakota,2140,2.0000,S,ND,Local,,,,ND,7.0000
NDMINO,MINOT ND Sales,2140,2.0000,S,ND,Local,,,,ND. NDWARD,7.5000
NDUSE,North Dakota Use tax,2140,5.0000,U,ND,State,,,,,5.0000
NDWARD,Ward County ND,2140,0.5000,S,ND,Local,,,,,0.5000
NDWATS,Watford City ND Sales,2140,1.5000,S,ND,Local,,,,ND,6.5000
NDWFAR,West Fargo ND USE,2140,1.0000,U,,,,,,,1.0000
NDWFS,WEST FARGO ND SALES,2140,2.0000,S,ND,Local,,,,ND. NDCASS,7.5000
NDWILI,Williston North Dakota,2140,1.0000,S,ND,Local,,,,ND. NDWILL,7.0000
NDWILL,Williams county,2140,1.0000,S,ND,County,,,,,1.0000
NE,NEBRASKA,2140,5.5000,S,NE,State,,,,,5.5000
NEBELL,Bellevue NE use tax,2140,7.0000,U,NE,Local,,,,,7.0000
NEBELV,1.5% CITY BELLEVUE 3-046,2140,1.5000,S,,,,,,NE,7.0000
NECENT,Central City NE,2140,1.0000,S,NE,Local,,,,NE,6.5000
NECITY,Nebraska City Nebraska,2140,1.5000,S,NE,Local,,,,NE,7.0000
NECRET,Crete Nebraska Sales Tax,2140,1.0000,S,NE,Local,,,,NE,6.5000
NECTYU,Nebraska City Use,2140,1.5000,U,NE,Local,,,,NEUSE,7.0000
NEDOUS,Douglas NE Use tax,2140,1.5000,U,,,,,,NEUSE,7.0000
NEGRAN,Grant NE Sales Tax,2140,6.5000,S,NE,Local,,,,,6.5000
NEKEAR,Kearney NE,2140,7.0000,S,NE,Local,,,,,7.0000
NELAVS,La Vista NE Sales,2140,7.5000,S,NE,Local,,,,,7.5000
NELIN,Lincoln City Tax 2-285,2140,1.5000,S,NE,Local,,,,NE,7.0000
NELINU,Lincoln NE Use,2140,1.5000,U,NE,Local,,,,NEUSE,7.0000
NEMCCO,1.5% City McCook 103-312,2140,1.5000,S,NE,Local,,,,NE,7.0000
NENORS,North Platte NE Sales Tax,2140,1.5000,S,NE,Local,,,,NE,7.0000
NEOMA,Omaha City Tax 1-365,2140,1.5000,S,NE,Local,,,,NE,7.0000
NEOMU,Omaha Use Tax,2140,1.5000,U,NE,Local,,,,NEUSE,7.0000
NEONEI,ONEIL NE,2140,1.5000,S,NE,Local,,,,NE,7.0000
NEPAPS,Papillion NE Sales Tax,2140,1.5000,S,,,,,,NE,7.0000
NESCHU,Schuyler NE Use tax,2140,7.0000,U,NE,Local,,,,,7.0000
NEUSE,Nebraska Use Tax,2140,5.5000,U,NE,State,,,,,5.5000
XX,NEWC,NEW CONSTRUCTION,2140,0.0000,U,IA,,,,,IAUSE6,6.0000
NEWCIA,NEW CONSTRUCTION IA 2020,2140,7.0000,U,IA,Local,,,,,7.0000
OK,Oklahoma Sales tax,2140,4.5000,S,OK,State,,,,,4.5000
OKBECK,BECKHAM COUNTY,2140,0.2500,S,OK,County,,,,,0.2500
OKBIGC,BIG CABIN SALES OK,2140,9.0000,S,OK,Local,,,,,9.0000
OKBIGU,Big Cabin OK Warranty,2140,9.0000,U,OK,Local,,,,,9.0000
OKCADD,Caddo County Sales tax,2140,1.5000,S,OK,Local,,,,,1.5000
OKCHEC,Checotah OK Sales Tax,2140,10.5000,S,OK,Local,,,,,10.5000
OKCOK,OKLAHOMA CITY,2140,4.1250,S,OK,Local,,,,OK,8.6250
OKDUNC,Duncan OK Sales Tax,2140,8.7000,S,OK,Local,,,,,8.7000
OKDURA,OK DURANT,2140,4.8750,S,OK,Local,,,,OK,9.3750
OKEDMS,Edmond Sales Tax,2140,3.7500,S,OK,Local,,,,OK,8.2500
OKGUYM,Guymon Oklahoma,2140,4.0000,S,OK,Local,,,,OK. OKTEXA,9.5000
OKHINT,Hinton Oklahoma,2140,3.0000,S,OK,Local,,,,OK. OKCADD,9.0000
OKKAW,Kaw County,2140,4.5000,S,OK,County,,,,,4.5000
OKMUSK,MUSKOGEE OK,2140,5.4990,S,OK,Local,,,,OK,9.9990
OKNEWK,New Kirk Oklahoma,2140,3.0000,S,OK,Local,,,,OK. OKKAW,12.0000
OKSAYR,SAYRE SALES TAX,2140,4.0000,S,OK,Local,,,,OK. OKBECK,8.7500
OKSTRI,Stringtown Ok sales tax,2140,9.2500,S,OK,Local,,,,,9.2500
OKTEXA,Texas County,2140,1.0000,S,OK,County,,,,,1.0000
OKTONK,Tonkawa Oklahoma Sales Tax,2140,10.2500,S,OK,Local,,,,,10.2500
OKTULC,Tulsa County OK,2140,0.8500,S,OK,County,,,,,0.8500
OKTULS,Tulsa Oklahoma City Tax,2140,3.1670,S,OK,Local,,,,OKTULC. OK,8.5170
OKWOOC,Woodward County,2140,0.9000,S,OK,County,,,,,0.9000
OKWOOD,Woodward,2140,4.0000,S,OK,Local,,,,OK. OKWOOC,9.4000
XX,OPT50,OPTION TAX .50 %,2140,0.5000,S,IA,County,,,,,0.5000
OPTION,1% LOCAL OPTION TAX,2140,1.0000,S,IA,County,,,,,1.0000
OPTUSE,1% LOCAL OPTION USE TAX,2140,1.0000,U,IA,County,,,,,1.0000
RESALE,RESALE,2140,0.0000,S,IA,,,,,,0.0000
XX,SCH50,SCHOOL TAX .50%,2140,0.5000,S,IA,County,,,,,0.5000
XX,SCHOOL,1% LOCAL SCHOOL TAX,2140,1.0000,S,IA,County,,,,,1.0000
XX,SCHUSE,1% LOCAL SCHOOL USE TAX,2140,1.0000,U,IA,County,,,,,1.0000
SD,SOUTH DAKOTA EXCISE TAX,2140,2.0000,S,SD,,,,,,2.0000
SD2432,SOUTH DAKOTA TAX,2140,6.0000,U,SD,State,,,,,6.0000
SDHOT,HOT SPRINGS SOUTH DAKOTA,2140,6.0000,U,SD,County,,,,SD,8.0000
SDMUR,Murdo SD,2140,2.0000,U,SD,Local,,,,SDTAXU,6.5000
SDRAPI,Rapid City SD,2140,2.0000,U,SD,Local,,,,SDTAXU,6.5000
SDSFSL,SD SIOUX FALLS,2140,6.2000,S,SD,County,,,,,6.2000
SDTAXU,South Dakota Use tax,2140,4.5000,U,SD,State,,,,,4.5000
SDTRIP,TRIPP SD USE TAX,2140,2.0000,U,SD,County,,,,SDTAXU. SD,8.5000
SDWATE,Watertown Sales Tax,2140,6.2000,S,SD,Local,,,,,6.2000
TXABIL,Abilene Texas Sales Tax,2140,8.2500,S,TX,Local,,,,,8.2500
TXAMAR,"Amarillo, Texas",2140,2.0000,S,TX,Local,,,,TXSALE,8.2500
TXAMWA,Amarillo TX warranty use tax,2140,8.2500,U,TX,Local,,,,,8.2500
TXANGC,Angelina County TX,2140,0.5000,S,TX,Local,,,,,0.5000
TXBAYT,BAYTOWN TEXAS SALES TAX,2140,2.0000,S,TX,Local,,,,TXSALE,8.2500
TXBEAU,Beaumont TX,2140,1.5000,S,TX,Local,,,,TXSALE. TXJEFF,8.2500
TXCONV,CONVERSE TEXAS,2140,8.2500,S,TX,Local,,,,,8.2500
TXCORP,CORPUS CHRISTI TEXAS,2140,8.2500,S,TX,Local,,,,,8.2500
TXCORS,CORSICANA TX,2140,2.0000,S,TX,Local,,,,TXSALE,8.2500
TXDALL,DALLAS TX,2140,2.0000,S,TX,Local,,,,TXSALE,8.2500
TXDUNC,Duncinville TX,2140,8.2500,S,TX,Local,,,,,8.2500
TXEDNA,Edna TX Tax,2140,8.2500,S,TX,Local,,,,,8.2500
TXELPA,EL PASO TX,2140,8.2500,S,TX,Local,,,,,8.2500
TXELPU,EL PASO TX USE TAX WARRANTY,2140,8.2500,U,TX,Local,,,,,8.2500
TXFLIN,Flint Texas Sales Tax,2140,8.2500,S,TX,Local,,,,,8.2500
TXFTWO,FORT WORTH TX,2140,8.2500,S,TX,Local,,,,,8.2500
TXGARL,Garland TX Sales,2140,8.2500,S,TX,Local,,,,,8.2500
TXHARL,Harlingen TX,2140,2.0000,S,TX,Local,,,,TXSALE,8.2500
TXHASL,Haslet Texas,2140,8.2500,S,TX,Local,,,,,8.2500
TXHILL,HILLSBOROUGH TX,2140,8.2500,S,TX,Local,,,,,8.2500
TXHOUS,Houston TX and Houston MTA,2140,2.0000,S,TX,Local,,,,TXSALE,8.2500
TXHUMB,Humble TX sales tax,2140,2.0000,S,TX,Local,,,,TXSALE,8.2500
TXHUTC,Hutchins TX sales tax,2140,8.2500,S,TX,Local,,,,,8.2500
TXJEFF,Jefferson Cty TX,2140,0.5000,S,TX,County,,,,,0.5000
TXKERC,Kerr county,2140,0.5000,S,TX,County,,,,,0.5000
TXKERV,Kerrville Sales tax,2140,1.5000,S,TX,Local,,,,TXSALE. TXKERC,8.2500
TXLAMS,Lamar County TX,2140,0.5000,S,TX,County,,,,,0.5000
TXLARE,Laredo Texas,2140,8.2500,S,TX,Local,,,,,8.2500
TXLUBB,LUBBOCK,2140,8.2500,S,TX,Local,,,,,8.2500
TXLUFK,Lufkin TX sales Tax,2140,1.5000,S,TX,Local,,,,TXSALE. TXANGC,8.2500
TXMESQ,Mesquite TX,2140,8.2500,S,TX,Local,,,,,8.2500
TXMESU,Mesquite TX use tax,2140,8.2500,U,TX,Local,,,,,8.2500
TXMIDL,Midland Texas updated 043025,2140,7.5000,S,TX,Local,,,,,7.5000
TXMINW,Mineral Wells Texas,2140,8.2500,S,TX,Local,,,,,8.2500
TXNEWB,NEW BRAUNFELS,2140,2.0000,S,TX,Local,,,,TXSALE,8.2500
TXORLA,ORLA TX,2140,8.2500,S,TX,Local,,,,,8.2500
TXPARK,Parker County Texas,2140,0.5000,S,TX,Local,,,,,0.5000
TXPARS,Paris Texas City Tax,2140,1.5000,S,TX,Local,,,,TXSALE. TXLAMS,8.2500
TXPHAR,Pharr texas sales,2140,2.0000,S,TX,Local,,,,TXSALE,8.2500
TXROSH,Rosharon TX Sales,2140,6.7500,S,TX,Local,,,,,6.7500
TXSALE,Texas State Tax,2140,6.2500,S,TX,State,,,,,6.2500
TXSANS,San Antonio TX,2140,2.0000,S,TX,Local,,,,TXSALE,8.2500
TXSANU,San Angelo TX use tax,2140,8.2500,U,TX,Local,,,,,8.2500
TXSINT,Sinton TX Sales Tax,2140,8.2500,S,TX,Local,,,,,8.2500
TXSONO,Sonora Texas Sales Tax,2140,8.2500,S,TX,Local,,,,,8.2500
TXSOUT,SOUTHLAKE TX,2140,8.2500,S,TX,Local,,,,,8.2500
TXSTAF,Stafford TX Sales,2140,8.2500,S,TX,Local,,,,,8.2500
TXSTRA,Stratford Texas,2140,7.7500,S,TX,Local,,,,,7.7500
TXTERR,Terrell TX,2140,2.0000,S,TX,Local,,,,TXSALE,8.2500
TXTEXS,TEXARKANA TEXAS,2140,8.2500,S,TX,Local,,,,,8.2500
TXTYLE,TYLER TEXAS,2140,8.2500,S,TX,Local,,,,,8.2500
TXVAN,Van Texas,2140,2.0000,S,TX,Local,,,,TXSALE,8.2500
TXVICT,Victoria Texas,2140,2.0000,S,TX,Local,,,,TXSALE,8.2500
TXWEAT,WEATHERFORD TX,2140,1.5000,S,TX,Local,,,,TXSALE. TXPARK,8.2500
TXWICF,WICHITA FALLS TX SALES,2140,2.0000,S,TX,Local,,,,TXSALE,8.2500
TXWINN,WINNIE TEXAS,2140,8.1250,S,TX,Local,,,,,8.1250
WARRA,Warranty Iowa Sales Tax NEW,2140,0.0000,S,IA,Local,,,,IAUSTX,7.0000
WARRAN,Warranty IA work old,2140,0.0000,U,IA,Local,,,,IAUSE6,6.0000
WI,WI SALES TAX,2140,5.0000,S,WI,State,,,,,5.0000
WI32,LaCrosse Sales Tax,2140,0.5000,S,WI,Local,,,,WI,5.5000
WI40,Milwaukee County Tax,2140,0.6000,S,WI,County,,,,WI,5.6000
WI41,Monroe county Wisconsin,2140,0.5000,S,WI,County,,,,WI,5.5000
WI53,Wisconsin Rock County,2140,0.5000,S,WI,County,,,,WI,5.5000
WI61,Trempealeau County Tax,2140,0.5000,S,WI,County,,,,WI,5.5000
WIBARR,Barron WI,2140,0.5000,S,WI,County,,,,WI,5.5000
WICHIP,Chippewa Falls Wisconsin,2140,0.5000,S,WI,County,,,,WI,5.5000
WIDANE,DANE COUNTY WI,2140,0.5000,S,WI,County,,,,WI,5.5000
WIDODG,DODGE WI,2140,0.5000,S,WI,Local,,,,WI,5.5000
WIDUN,Dunn County WI,2140,5.5000,S,WI,Local,,,,,5.5000
WIEAU,Eau Claire Wisconsin,2140,0.5000,S,WI,County,,,,WI,5.5000
WIFOND,FOND DU LAC COUNTY,2140,5.5000,S,WI,Local,,,,,5.5000
WIGREE,Green Bay WI,2140,5.5000,S,WI,Local,,,,,5.5000
WIJAC,Jackson Coutny Wisconsin,2140,0.5000,S,WI,County,,,,WI,5.5000
WIKEN,Kenosha Wisconsin,2140,0.5000,S,WI,County,,,,WI,5.5000
WILACU,Lacrosse Wi Use Tax,2140,0.5000,U,WI,County,,,,WIUSE,5.5000
WIOSS,Osceola Wi sales tax,2140,5.5000,S,WI,Local,,,,,5.5000
WIOZA,OZAUKEE WI SALES TAX,2140,0.6000,S,WI,County,,,,WI,5.6000
WISTC,St Croix County,2140,0.5000,S,WI,County,,,,WI,5.5000
WIUSE,Wisconsin Use tax,2140,5.0000,U,WI,State,,,,,5.0000
WIWAUK,Waukesha County WI,2140,0.1000,S,WI,County,,,,WI,5.1000
WIWESS,Weston WI Sales Tax,2140,5.5000,S,WI,Local,,,,,5.5000
WIWMIL,West Milwaukee WI Sales,2140,5.9000,S,WI,Local,,,,,5.9000
WIWOOD,Wood Wisconsin,2140,0.5000,S,WI,County,,,,WI,5.5000
WY,WYOMING CONTRACTOR USE TAX,2140,4.0000,U,WY,State,,,,,4.0000
WYCARB,Carbon County WY,2140,2.0000,U,WY,Local,,,,WY,6.0000
WYEVAN,Evanston WY,2140,5.0000,S,WY,Local,,,,,5.0000
WYLAR,Laramie County Wyoming,2140,2.0000,U,WY,County,,,,WY,6.0000
WYLARS,Laramie CTY WY Tax,2140,6.0000,S,WY,Local,,,,,6.0000
WYNAT,Natrona WY,2140,1.0000,U,WY,County,,,,WY,5.0000
WYSHER,Sheridan County Wyoming,2140,2.0000,U,WY,County,,,,WY,6.0000
WYUINT,Uinta County,2140,1.0000,U,WY,Local,,,,WY,5.0000
